{
    "registros": [
        {
            "codigo": "826884952-5",
            "titulo": "Unlocking Android",
            "capa": "https://s3.amazonaws.com/AKIAJC5RLADLUMVRPFDQ.book-thumb-images/ableson.jpg",
            "autores": [
                {
                    "nome": "W. Frank Ableson"
                },
                {
                    "nome": "Charlie Collins"
                },
                {
                    "nome": "Robi Sen"
                }
            ],
            "edicao": 10,
            "ano": 2015,
            "editora": "Cengage",
            "local": "Brasília",
            "classificacao": "Banco de Dados",
            "assunto": "Aenean sit amet justo. Morbi ut odio. Cras mi pede, malesuada in, imperdiet et, commodo vulputate, justo. In blandit ultrices enim. Lorem ipsum dolor sit amet, consectetuer adipiscing elit. Proin interdum mauris non ligula pellentesque ultrices. Phasellus id sapien in sapien iaculis congue. Vivamus metus arcu, adipiscing molestie, hendrerit at, vulputate vitae, nisl. Aenean lectus. Pellentesque eget nunc. Donec quis orci eget orci vehicula condimentum. Curabitur in libero ut massa volutpat convallis. Morbi odio odio, elementum eu, interdum eu, tincidunt in, leo. Maecenas pulvinar lobortis est. Phasellus sit amet erat. Nulla tempus. Vivamus in felis eu sapien cursus vestibulum. Proin eu mi. Nulla ac enim. In tempor, turpis nec euismod scelerisque, quam turpis adipiscing lorem, vitae mattis nibh ligula nec sem. Duis aliquam convallis nunc. Proin at turpis a pede posuere nonummy. Integer non velit. Donec diam neque, vestibulum eget, vulputate ut, ultrices vel, augue. Vestibulum ante ipsum primis in faucibus orci luctus et ultrices posuere cubilia Curae; Donec pharetra, magna vestibulum aliquet ultrices, erat tortor sollicitudin mi, sit amet lobortis sapien sapien non mi. Integer ac neque."
        },
        {
            "codigo": "740917410-2",
            "titulo": "Unlocking Android",
            "capa": "https://s3.amazonaws.com/AKIAJC5RLADLUMVRPFDQ.book-thumb-images/ableson.jpg",
            "autores": [
                {
                    "nome": "W. Frank Ableson"
                },
                {
                    "nome": "Charlie Collins"
                },
                {
                    "nome": "Robi Sen"
                }
            ],
            "edicao": 4,
            "ano": 2018,
            "editora": "",
            "local": "São Paulo",
            "classificacao": "Banco de Dados",
            "assunto": "Morbi vestibulum, velit id pretium iaculis, diam erat fermentum justo, nec condimentum neque sapien placerat ante. Nulla justo. Aliquam quis turpis eget elit sodales scelerisque. Mauris sit amet eros. Suspendisse accumsan tortor quis turpis. Sed ante. Vivamus tortor. Duis mattis egestas metus. Aenean fermentum. Donec ut mauris eget massa tempor convallis. Nulla neque libero, convallis eget, eleifend luctus, ultricies eu, nibh. Quisque id justo sit amet sapien dignissim vestibulum. Vestibulum ante ipsum primis in faucibus orci luctus et ultrices posuere cubilia Curae; Nulla dapibus dolor vel est. Donec odio justo, sollicitudin ut, suscipit a, feugiat et, eros. Vestibulum ac est lacinia nisi venenatis tristique. Fusce congue, diam id ornare imperdiet, sapien urna pretium nisl, ut volutpat sapien arcu sed augue. Aliquam erat volutpat. In congue. Etiam justo. Etiam pretium iaculis justo. In hac habitasse platea dictumst. Etiam faucibus cursus urna. Ut tellus. Nulla ut erat id mauris vulputate elementum."
        },
        {
            "codigo": "368043486-3",
            "titulo": "Android in Action",
            "capa": "https://s3.amazonaws.com/AKIAJC5RLADLUMVRPFDQ.book-thumb-images/ableson2.jpg",
            "autores": [
                {
                    "nome": "W. Frank Ableson"
                },
                {
                    "nome": "Robi Sen"
                }
            ],
            "edicao": 7,
            "ano": 2018,
            "editora": "Cengage",
            "local": "Salvador",
            "classificacao": "Programação",
            "assunto": "Mauris sit amet eros. Suspendisse accumsan tortor quis turpis. Sed ante. Vivamus tortor."
        },
        {
            "codigo": "245832374-X",
            "titulo": "Second Edition",
            "capa": "https://s3.amazonaws.com/AKIAJC5RLADLUMVRPFDQ.book-thumb-images/ableson2.jpg",
            "autores": [
                {
                    "nome": "W. Frank Ableson"
                },
                {
                    "nome": "Robi Sen"
                }
            ],
            "edicao": 6,
            "ano": 2016,
            "editora": "Pearson",
            "local": "Rio de Janeiro",
            "classificacao": "Programação",
            "assunto": "Sed sagittis. Nam congue, risus semper porta volutpat, quam pede lobortis ligula, sit amet eleifend pede libero quis orci. Nullam molestie nibh in lectus. Pellentesque at nulla. Suspendisse potenti. Cras in purus eu magna vulputate luctus. Cum sociis natoque penatibus et magnis dis parturient montes, nascetur ridiculus mus. Vivamus vestibulum sagittis sapien. Cum sociis natoque penatibus et magnis dis parturient montes, nascetur ridiculus mus. Etiam vel augue. Vestibulum rutrum rutrum neque. Aenean auctor gravida sem. Praesent id massa id nisl venenatis lacinia. Aenean sit amet justo. Morbi ut odio. Cras mi pede, malesuada in, imperdiet et, commodo vulputate, justo."
        },
        {
            "codigo": "030201689-9",
            "titulo": "Android in Action",
            "capa": "https://s3.amazonaws.com/AKIAJC5RLADLUMVRPFDQ.book-thumb-images/adzic.jpg",
            "autores": [
                {
                    "nome": "Gojko Adzic"
                }
            ],
            "edicao": 4,
            "ano": 2016,
            "editora": "Cengage",
            "local": "Rio de Janeiro",
            "classificacao": "Análise",
            "assunto": "Nullam varius. Nulla facilisi. Cras non velit nec nisi vulputate nonummy. Maecenas tincidunt lacus at velit. Vivamus vel nulla eget eros elementum pellentesque. Quisque porta volutpat erat. Quisque erat eros, viverra eget, congue eget, semper rutrum, nulla. Nunc purus. Phasellus in felis. Donec semper sapien a libero. Nam dui."
        },
        {
            "codigo": "451411159-7",
            "titulo": "Second Edition",
            "capa": "https://s3.amazonaws.com/AKIAJC5RLADLUMVRPFDQ.book-thumb-images/adzic.jpg",
            "autores": [
                {
                    "nome": "Gojko Adzic"
                }
            ],
            "edicao": 2,
            "ano": 2012,
            "editora": "Cengage",
            "local": "Salvador",
            "classificacao": "Análise",
            "assunto": "Maecenas ut massa quis augue luctus tincidunt. Nulla mollis molestie lorem. Quisque ut erat. Curabitur gravida nisi at nibh. In hac habitasse platea dictumst. Aliquam augue quam, sollicitudin vitae, consectetuer eget, rutrum at, lorem. Integer tincidunt ante vel ipsum. Praesent blandit lacinia erat. Vestibulum sed magna at nunc commodo placerat. Praesent blandit. Nam nulla. Integer pede justo, lacinia eget, tincidunt eget, tempus vel, pede. Morbi porttitor lorem id ligula. Suspendisse ornare consequat lectus. In est risus, auctor sed, tristique in, tempus sit amet, sem. Fusce consequat. Nulla nisl. Nunc nisl. Duis bibendum, felis sed interdum venenatis, turpis enim blandit mi, in porttitor pede justo eu massa. Donec dapibus. Duis at velit eu est congue elementum."
        },
        {
            "codigo": "718247078-0",
            "titulo": "Specification by Example",
            "capa": "https://s3.amazonaws.com/AKIAJC5RLADLUMVRPFDQ.book-thumb-images/ahmed2.jpg",
            "autores": [
                {
                    "nome": "Tariq Ahmed"
                },
                {
                    "nome": "Dan Orlando"
                },
                {
                    "nome": "John C. Bland II"
                },
                {
                    "nome": "Joel Hooks"
                }
            ],
            "edicao": 2,
            "ano": 2018,
            "editora": "Springer",
            "local": "Rio de Janeiro",
            "classificacao": "Programação",
            "assunto": "Etiam vel augue. Vestibulum rutrum rutrum neque. Aenean auctor gravida sem. Praesent id massa id nisl venenatis lacinia. Aenean sit amet justo."
        },
        {
            "codigo": "903629292-1",
            "titulo": "Specification by Example",
            "capa": "https://s3.amazonaws.com/AKIAJC5RLADLUMVRPFDQ.book-thumb-images/ahmed2.jpg",
            "autores": [
                {
                    "nome": "Tariq Ahmed"
                },
                {
                    "nome": "Dan Orlando"
                },
                {
                    "nome": "John C. Bland II"
                },
                {
                    "nome": "Joel Hooks"
                }
            ],
            "edicao": 6,
            "ano": 2015,
            "editora": "Pearson",
            "local": "Rio de Janeiro",
            "classificacao": "Programação",
            "assunto": "Fusce consequat. Nulla nisl. Nunc nisl. Duis bibendum, felis sed interdum venenatis, turpis enim blandit mi, in porttitor pede justo eu massa. Donec dapibus. Duis at velit eu est congue elementum. In hac habitasse platea dictumst. Morbi vestibulum, velit id pretium iaculis, diam erat fermentum justo, nec condimentum neque sapien placerat ante. Nulla justo."
        },
        {
            "codigo": "388414427-8",
            "titulo": "Flex 4 in Action",
            "capa": "https://s3.amazonaws.com/AKIAJC5RLADLUMVRPFDQ.book-thumb-images/alag.jpg",
            "autores": [
                {
                    "nome": "Satnam Alag"
                }
            ],
            "edicao": 8,
            "ano": 2020,
            "editora": "Springer",
            "local": "Rio de Janeiro",
            "classificacao": "Análise",
            "assunto": "In sagittis dui vel nisl. Duis ac nibh. Fusce lacus purus, aliquet at, feugiat non, pretium quis, lectus. Suspendisse potenti. In eleifend quam a odio. In hac habitasse platea dictumst. Maecenas ut massa quis augue luctus tincidunt. Nulla mollis molestie lorem. Quisque ut erat. Curabitur gravida nisi at nibh. In hac habitasse platea dictumst. Aliquam augue quam, sollicitudin vitae, consectetuer eget, rutrum at, lorem. Integer tincidunt ante vel ipsum. Praesent blandit lacinia erat."
        },
        {
            "codigo": "132595178-1",
            "titulo": "Flex 4 in Action",
            "capa": "https://s3.amazonaws.com/AKIAJC5RLADLUMVRPFDQ.book-thumb-images/alag.jpg",
            "autores": [
                {
                    "nome": "Satnam Alag"
                }
            ],
            "edicao": 1,
            "ano": 2010,
            "editora": "",
            "local": "Salvador",
            "classificacao": "Análise",
            "assunto": "Morbi non lectus. Aliquam sit amet diam in magna bibendum imperdiet. Nullam orci pede, venenatis non, sodales sed, tincidunt eu, felis. Fusce posuere felis sed lacus. Morbi sem mauris, laoreet ut, rhoncus aliquet, pulvinar sed, nisl. Nunc rhoncus dui vel sem. Sed sagittis. Nam congue, risus semper porta volutpat, quam pede lobortis ligula, sit amet eleifend pede libero quis orci. Nullam molestie nibh in lectus. Pellentesque at nulla."
        },
        {
            "codigo": "662923942-3",
            "titulo": "Collective Intelligence in Action",
            "capa": "https://s3.amazonaws.com/AKIAJC5RLADLUMVRPFDQ.book-thumb-images/banker.jpg",
            "autores": [
                {
                    "nome": "Kyle Banker"
                }
            ],
            "edicao": 8,
            "ano": 2012,
            "editora": "Springer",
            "local": "Rio de Janeiro",
            "classificacao": "Banco de Dados",
            "assunto": "Vestibulum ante ipsum primis in faucibus orci luctus et ultrices posuere cubilia Curae; Donec pharetra, magna vestibulum aliquet ultrices, erat tortor sollicitudin mi, sit amet lobortis sapien sapien non mi. Integer ac neque. Duis bibendum. Morbi non quam nec dui luctus rutrum. Nulla tellus. In sagittis dui vel nisl. Duis ac nibh. Fusce lacus purus, aliquet at, feugiat non, pretium quis, lectus. Suspendisse potenti. In eleifend quam a odio. In hac habitasse platea dictumst. Maecenas ut massa quis augue luctus tincidunt. Nulla mollis molestie lorem."
        },
        {
            "codigo": "000113746-8",
            "titulo": "Collective Intelligence in Action",
            "capa": "https://s3.amazonaws.com/AKIAJC5RLADLUMVRPFDQ.book-thumb-images/banker.jpg",
            "autores": [
                {
                    "nome": "Kyle Banker"
                }
            ],
            "edicao": 7,
            "ano": 2020,
            "editora": "",
            "local": "São Paulo",
            "classificacao": "Banco de Dados",
            "assunto": "Lorem ipsum dolor sit amet, consectetuer adipiscing elit. Proin risus. Praesent lectus. Vestibulum quam sapien, varius ut, blandit non, interdum in, ante. Vestibulum ante ipsum primis in faucibus orci luctus et ultrices posuere cubilia Curae; Duis faucibus accumsan odio. Curabitur convallis. Duis consequat dui nec nisi volutpat eleifend. Donec ut dolor. Morbi vel lectus in quam fringilla rhoncus. Mauris enim leo, rhoncus sed, vestibulum sit amet, cursus id, turpis. Integer aliquet, massa id lobortis convallis, tortor risus dapibus augue, vel accumsan tellus nisi eu orci. Mauris lacinia sapien quis libero. Nullam sit amet turpis elementum ligula vehicula consequat. Morbi a ipsum. Integer a nibh. In quis justo."
        },
        {
            "codigo": "876466290-X",
            "titulo": "MongoDB in Action",
            "capa": "https://s3.amazonaws.com/AKIAJC5RLADLUMVRPFDQ.book-thumb-images/barrilleaux.jpg",
            "autores": [
                {
                    "nome": "Jon Barrilleaux"
                }
            ],
            "edicao": 4,
            "ano": 2019,
            "editora": "",
            "local": "Rio de Janeiro",
            "classificacao": "Java 3D",
            "assunto": "Integer ac leo. Pellentesque ultrices mattis odio. Donec vitae nisi. Nam ultrices, libero non mattis pulvinar, nulla pede ullamcorper augue, a suscipit nulla elit ac nulla. Sed vel enim sit amet nunc viverra dapibus."
        },
        {
            "codigo": "120800309-7",
            "titulo": "MongoDB in Action",
            "capa": "https://s3.amazonaws.com/AKIAJC5RLADLUMVRPFDQ.book-thumb-images/barrilleaux.jpg",
            "autores": [
                {
                    "nome": "Jon Barrilleaux"
                }
            ],
            "edicao": 8,
            "ano": 2019,
            "editora": "Pearson",
            "local": "Brasília",
            "classificacao": "Java 3D",
            "assunto": "Aenean fermentum. Donec ut mauris eget massa tempor convallis. Nulla neque libero, convallis eget, eleifend luctus, ultricies eu, nibh."
        },
        {
            "codigo": "744663371-9",
            "titulo": "3D User Interfaces with Java 3D",
            "capa": "https://s3.amazonaws.com/AKIAJC5RLADLUMVRPFDQ.book-thumb-images/bauer.jpg",
            "autores": [
                {
                    "nome": "Christian Bauer"
                },
                {
                    "nome": "Gavin King"
                }
            ],
            "edicao": 9,
            "ano": 2010,
            "editora": "Pearson",
            "local": "Rio de Janeiro",
            "classificacao": "Persistência",
            "assunto": "Curabitur at ipsum ac tellus semper interdum. Mauris ullamcorper purus sit amet nulla."
        },
        {
            "codigo": "503418807-4",
            "titulo": "3D User Interfaces with Java 3D",
            "capa": "https://s3.amazonaws.com/AKIAJC5RLADLUMVRPFDQ.book-thumb-images/bauer.jpg",
            "autores": [
                {
                    "nome": "Christian Bauer"
                },
                {
                    "nome": "Gavin King"
                }
            ],
            "edicao": 4,
            "ano": 2011,
            "editora": "Pearson",
            "local": "Rio de Janeiro",
            "classificacao": "Persistência",
            "assunto": "Nulla tellus. In sagittis dui vel nisl. Duis ac nibh. Fusce lacus purus, aliquet at, feugiat non, pretium quis, lectus. Suspendisse potenti. In eleifend quam a odio. In hac habitasse platea dictumst. Maecenas ut massa quis augue luctus tincidunt. Nulla mollis molestie lorem. Quisque ut erat. Curabitur gravida nisi at nibh. In hac habitasse platea dictumst. Aliquam augue quam, sollicitudin vitae, consectetuer eget, rutrum at, lorem. Integer tincidunt ante vel ipsum. Praesent blandit lacinia erat. Vestibulum sed magna at nunc commodo placerat. Praesent blandit. Nam nulla. Integer pede justo, lacinia eget, tincidunt eget, tempus vel, pede. Morbi porttitor lorem id ligula. Suspendisse ornare consequat lectus. In est risus, auctor sed, tristique in, tempus sit amet, sem. Fusce consequat. Nulla nisl. Nunc nisl. Duis bibendum, felis sed interdum venenatis, turpis enim blandit mi, in porttitor pede justo eu massa. Donec dapibus. Duis at velit eu est congue elementum."
        },
        {
            "codigo": "210960651-7",
            "titulo": "Hibernate in Action",
            "capa": "https://s3.amazonaws.com/AKIAJC5RLADLUMVRPFDQ.book-thumb-images/bauer2.jpg",
            "autores": [
                {
                    "nome": "Christian Bauer"
                },
                {
                    "nome": "Gavin King"
                }
            ],
            "edicao": 5,
            "ano": 2020,
            "editora": "Springer",
            "local": "Brasília",
            "classificacao": "Persistência",
            "assunto": "Integer a nibh. In quis justo. Maecenas rhoncus aliquam lacus. Morbi quis tortor id nulla ultrices aliquet. Maecenas leo odio, condimentum id, luctus nec, molestie sed, justo. Pellentesque viverra pede ac diam. Cras pellentesque volutpat dui. Maecenas tristique, est et tempus semper, est quam pharetra magna, ac consequat metus sapien ut nunc. Vestibulum ante ipsum primis in faucibus orci luctus et ultrices posuere cubilia Curae; Mauris viverra diam vitae quam. Suspendisse potenti. Nullam porttitor lacus at turpis. Donec posuere metus vitae ipsum. Aliquam non mauris. Morbi non lectus. Aliquam sit amet diam in magna bibendum imperdiet. Nullam orci pede, venenatis non, sodales sed, tincidunt eu, felis. Fusce posuere felis sed lacus. Morbi sem mauris, laoreet ut, rhoncus aliquet, pulvinar sed, nisl. Nunc rhoncus dui vel sem."
        },
        {
            "codigo": "951597637-5",
            "titulo": "Hibernate in Action",
            "capa": "https://s3.amazonaws.com/AKIAJC5RLADLUMVRPFDQ.book-thumb-images/bauer2.jpg",
            "autores": [
                {
                    "nome": "Shawn Bayern"
                }
            ],
            "edicao": 7,
            "ano": 2011,
            "editora": "Cengage",
            "local": "Salvador",
            "classificacao": "Persistência",
            "assunto": "Duis aliquam convallis nunc. Proin at turpis a pede posuere nonummy. Integer non velit. Donec diam neque, vestibulum eget, vulputate ut, ultrices vel, augue. Vestibulum ante ipsum primis in faucibus orci luctus et ultrices posuere cubilia Curae; Donec pharetra, magna vestibulum aliquet ultrices, erat tortor sollicitudin mi, sit amet lobortis sapien sapien non mi. Integer ac neque. Duis bibendum."
        },
        {
            "codigo": "625524881-X",
            "titulo": "Java Persistence with Hibernate",
            "capa": "https://s3.amazonaws.com/AKIAJC5RLADLUMVRPFDQ.book-thumb-images/bayern.jpg",
            "autores": [
                {
                    "nome": "Shawn Bayern"
                }
            ],
            "edicao": 5,
            "ano": 2019,
            "editora": "Springer",
            "local": "São Paulo",
            "classificacao": "XML",
            "assunto": "Duis bibendum, felis sed interdum venenatis, turpis enim blandit mi, in porttitor pede justo eu massa. Donec dapibus. Duis at velit eu est congue elementum. In hac habitasse platea dictumst. Morbi vestibulum, velit id pretium iaculis, diam erat fermentum justo, nec condimentum neque sapien placerat ante. Nulla justo. Aliquam quis turpis eget elit sodales scelerisque. Mauris sit amet eros. Suspendisse accumsan tortor quis turpis. Sed ante. Vivamus tortor. Duis mattis egestas metus. Aenean fermentum. Donec ut mauris eget massa tempor convallis. Nulla neque libero, convallis eget, eleifend luctus, ultricies eu, nibh. Quisque id justo sit amet sapien dignissim vestibulum. Vestibulum ante ipsum primis in faucibus orci luctus et ultrices posuere cubilia Curae; Nulla dapibus dolor vel est. Donec odio justo, sollicitudin ut, suscipit a, feugiat et, eros. Vestibulum ac est lacinia nisi venenatis tristique. Fusce congue, diam id ornare imperdiet, sapien urna pretium nisl, ut volutpat sapien arcu sed augue. Aliquam erat volutpat. In congue. Etiam justo. Etiam pretium iaculis justo. In hac habitasse platea dictumst. Etiam faucibus cursus urna."
        },
        {
            "codigo": "263713105-5",
            "titulo": "Java Persistence with Hibernate",
            "capa": "https://s3.amazonaws.com/AKIAJC5RLADLUMVRPFDQ.book-thumb-images/bayern.jpg",
            "autores": [
                {
                    "nome": "Shawn Bayern"
                }
            ],
            "edicao": 6,
            "ano": 2017,
            "editora": "Springer",
            "local": "Salvador",
            "classificacao": "XML",
            "assunto": "Vivamus vestibulum sagittis sapien. Cum sociis natoque penatibus et magnis dis parturient montes, nascetur ridiculus mus. Etiam vel augue. Vestibulum rutrum rutrum neque. Aenean auctor gravida sem. Praesent id massa id nisl venenatis lacinia. Aenean sit amet justo. Morbi ut odio. Cras mi pede, malesuada in, imperdiet et, commodo vulputate, justo. In blandit ultrices enim. Lorem ipsum dolor sit amet, consectetuer adipiscing elit. Proin interdum mauris non ligula pellentesque ultrices. Phasellus id sapien in sapien iaculis congue. Vivamus metus arcu, adipiscing molestie, hendrerit at, vulputate vitae, nisl. Aenean lectus. Pellentesque eget nunc. Donec quis orci eget orci vehicula condimentum. Curabitur in libero ut massa volutpat convallis. Morbi odio odio, elementum eu, interdum eu, tincidunt in, leo."
        },
        {
            "codigo": "140393416-9",
            "titulo": "JSTL in Action",
            "capa": "https://s3.amazonaws.com/AKIAJC5RLADLUMVRPFDQ.book-thumb-images/bibeault2.jpg",
            "autores": [
                {
                    "nome": "Bear Bibeault"
                },
                {
                    "nome": "Yehuda Katz"
                }
            ],
            "edicao": 1,
            "ano": 2019,
            "editora": "Pearson",
            "local": "Rio de Janeiro",
            "classificacao": "Front End",
            "assunto": "Proin eu mi. Nulla ac enim. In tempor, turpis nec euismod scelerisque, quam turpis adipiscing lorem, vitae mattis nibh ligula nec sem. Duis aliquam convallis nunc. Proin at turpis a pede posuere nonummy. Integer non velit. Donec diam neque, vestibulum eget, vulputate ut, ultrices vel, augue."
        },
        {
            "codigo": "057320547-7",
            "titulo": "JSTL in Action",
            "capa": "https://s3.amazonaws.com/AKIAJC5RLADLUMVRPFDQ.book-thumb-images/birman.jpg",
            "autores": [
                {
                    "nome": "Kenneth P. Birman"
                }
            ],
            "edicao": 6,
            "ano": 2020,
            "editora": "Springer",
            "local": "Salvador",
            "classificacao": "Redes de Computadores",
            "assunto": "Vivamus in felis eu sapien cursus vestibulum. Proin eu mi. Nulla ac enim."
        },
        {
            "codigo": "597078752-3",
            "titulo": "jQuery in Action",
            "capa": "https://s3.amazonaws.com/AKIAJC5RLADLUMVRPFDQ.book-thumb-images/black.jpg",
            "autores": [
                {
                    "nome": "David A. Black"
                }
            ],
            "edicao": 1,
            "ano": 2020,
            "editora": "Cengage",
            "local": "São Paulo",
            "classificacao": "Programação",
            "assunto": "Proin risus. Praesent lectus. Vestibulum quam sapien, varius ut, blandit non, interdum in, ante. Vestibulum ante ipsum primis in faucibus orci luctus et ultrices posuere cubilia Curae; Duis faucibus accumsan odio. Curabitur convallis. Duis consequat dui nec nisi volutpat eleifend. Donec ut dolor. Morbi vel lectus in quam fringilla rhoncus. Mauris enim leo, rhoncus sed, vestibulum sit amet, cursus id, turpis. Integer aliquet, massa id lobortis convallis, tortor risus dapibus augue, vel accumsan tellus nisi eu orci. Mauris lacinia sapien quis libero. Nullam sit amet turpis elementum ligula vehicula consequat. Morbi a ipsum. Integer a nibh. In quis justo. Maecenas rhoncus aliquam lacus. Morbi quis tortor id nulla ultrices aliquet. Maecenas leo odio, condimentum id, luctus nec, molestie sed, justo. Pellentesque viverra pede ac diam. Cras pellentesque volutpat dui. Maecenas tristique, est et tempus semper, est quam pharetra magna, ac consequat metus sapien ut nunc. Vestibulum ante ipsum primis in faucibus orci luctus et ultrices posuere cubilia Curae; Mauris viverra diam vitae quam. Suspendisse potenti. Nullam porttitor lacus at turpis. Donec posuere metus vitae ipsum. Aliquam non mauris."
        },
        {
            "codigo": "326086350-8",
            "titulo": "Second Edition",
            "capa": "https://s3.amazonaws.com/AKIAJC5RLADLUMVRPFDQ.book-thumb-images/bochicchio.jpg",
            "autores": [
                {
                    "nome": "Daniele Bochicchio"
                },
                {
                    "nome": "Stefano Mostarda"
                },
                {
                    "nome": "Marco De Sanctis"
                }
            ],
            "edicao": 8,
            "ano": 2016,
            "editora": "Springer",
            "local": "Brasília",
            "classificacao": "Programação",
            "assunto": "Duis ac nibh. Fusce lacus purus, aliquet at, feugiat non, pretium quis, lectus. Suspendisse potenti. In eleifend quam a odio. In hac habitasse platea dictumst. Maecenas ut massa quis augue luctus tincidunt. Nulla mollis molestie lorem. Quisque ut erat. Curabitur gravida nisi at nibh. In hac habitasse platea dictumst. Aliquam augue quam, sollicitudin vitae, consectetuer eget, rutrum at, lorem. Integer tincidunt ante vel ipsum. Praesent blandit lacinia erat. Vestibulum sed magna at nunc commodo placerat. Praesent blandit. Nam nulla. Integer pede justo, lacinia eget, tincidunt eget, tempus vel, pede. Morbi porttitor lorem id ligula. Suspendisse ornare consequat lectus. In est risus, auctor sed, tristique in, tempus sit amet, sem. Fusce consequat. Nulla nisl. Nunc nisl. Duis bibendum, felis sed interdum venenatis, turpis enim blandit mi, in porttitor pede justo eu massa. Donec dapibus. Duis at velit eu est congue elementum."
        },
        {
            "codigo": "100163190-0",
            "titulo": "Building Secure and Reliable Network Applications",
            "capa": "https://s3.amazonaws.com/AKIAJC5RLADLUMVRPFDQ.book-thumb-images/briggs.jpg",
            "autores": [
                {
                    "nome": "Anthony Briggs"
                }
            ],
            "edicao": 3,
            "ano": 2020,
            "editora": "Cengage",
            "local": "Brasília",
            "classificacao": "Programação",
            "assunto": "Lorem ipsum dolor sit amet, consectetuer adipiscing elit. Proin risus. Praesent lectus. Vestibulum quam sapien, varius ut, blandit non, interdum in, ante. Vestibulum ante ipsum primis in faucibus orci luctus et ultrices posuere cubilia Curae; Duis faucibus accumsan odio. Curabitur convallis. Duis consequat dui nec nisi volutpat eleifend. Donec ut dolor. Morbi vel lectus in quam fringilla rhoncus. Mauris enim leo, rhoncus sed, vestibulum sit amet, cursus id, turpis. Integer aliquet, massa id lobortis convallis, tortor risus dapibus augue, vel accumsan tellus nisi eu orci. Mauris lacinia sapien quis libero. Nullam sit amet turpis elementum ligula vehicula consequat. Morbi a ipsum. Integer a nibh. In quis justo. Maecenas rhoncus aliquam lacus. Morbi quis tortor id nulla ultrices aliquet. Maecenas leo odio, condimentum id, luctus nec, molestie sed, justo. Pellentesque viverra pede ac diam. Cras pellentesque volutpat dui. Maecenas tristique, est et tempus semper, est quam pharetra magna, ac consequat metus sapien ut nunc. Vestibulum ante ipsum primis in faucibus orci luctus et ultrices posuere cubilia Curae; Mauris viverra diam vitae quam. Suspendisse potenti. Nullam porttitor lacus at turpis."
        },
        {
            "codigo": "528909609-4",
            "titulo": "Ruby for Rails",
            "capa": "https://s3.amazonaws.com/AKIAJC5RLADLUMVRPFDQ.book-thumb-images/burnett.jpg",
            "autores": [
                {
                    "nome": "Margaret M. Burnett"
                },
                {
                    "nome": "Adele Goldberg"
                },
                {
                    "nome": "Ted G. Lewis"
                }
            ],
            "edicao": 2,
            "ano": 2017,
            "editora": "Cengage",
            "local": "São Paulo",
            "classificacao": "Programação",
            "assunto": "Quisque id justo sit amet sapien dignissim vestibulum. Vestibulum ante ipsum primis in faucibus orci luctus et ultrices posuere cubilia Curae; Nulla dapibus dolor vel est. Donec odio justo, sollicitudin ut, suscipit a, feugiat et, eros. Vestibulum ac est lacinia nisi venenatis tristique."
        },
        {
            "codigo": "414393018-8",
            "titulo": "ASP.NET 4.0 in Practice",
            "capa": "https://s3.amazonaws.com/AKIAJC5RLADLUMVRPFDQ.book-thumb-images/ceder.jpg",
            "autores": [
                {
                    "nome": "Naomi R. Ceder"
                }
            ],
            "edicao": 4,
            "ano": 2014,
            "editora": "",
            "local": "Salvador",
            "classificacao": "Programação",
            "assunto": "In hac habitasse platea dictumst. Morbi vestibulum, velit id pretium iaculis, diam erat fermentum justo, nec condimentum neque sapien placerat ante. Nulla justo. Aliquam quis turpis eget elit sodales scelerisque. Mauris sit amet eros. Suspendisse accumsan tortor quis turpis."
        },
        {
            "codigo": "420562128-0",
            "titulo": "Hello! Python",
            "capa": "https://s3.amazonaws.com/AKIAJC5RLADLUMVRPFDQ.book-thumb-images/cervenka.jpg",
            "autores": [
                {
                    "nome": "Tom Cervenka"
                }
            ],
            "edicao": 1,
            "ano": 2014,
            "editora": "Pearson",
            "local": "Salvador",
            "classificacao": "Programação",
            "assunto": "Nam nulla. Integer pede justo, lacinia eget, tincidunt eget, tempus vel, pede. Morbi porttitor lorem id ligula. Suspendisse ornare consequat lectus. In est risus, auctor sed, tristique in, tempus sit amet, sem. Fusce consequat. Nulla nisl. Nunc nisl. Duis bibendum, felis sed interdum venenatis, turpis enim blandit mi, in porttitor pede justo eu massa. Donec dapibus. Duis at velit eu est congue elementum. In hac habitasse platea dictumst. Morbi vestibulum, velit id pretium iaculis, diam erat fermentum justo, nec condimentum neque sapien placerat ante. Nulla justo. Aliquam quis turpis eget elit sodales scelerisque. Mauris sit amet eros. Suspendisse accumsan tortor quis turpis."
        },
        {
            "codigo": "481590025-6",
            "titulo": "Visual Object Oriented Programming",
            "capa": "https://s3.amazonaws.com/AKIAJC5RLADLUMVRPFDQ.book-thumb-images/cogoluegnes.jpg",
            "autores": [
                {
                    "nome": "Arnaud Cogoluegnes"
                },
                {
                    "nome": "Thierry Templier"
                },
                {
                    "nome": "Andy Piper"
                }
            ],
            "edicao": 8,
            "ano": 2017,
            "editora": "Cengage",
            "local": "São Paulo",
            "classificacao": "Análise",
            "assunto": "Suspendisse potenti. In eleifend quam a odio. In hac habitasse platea dictumst. Maecenas ut massa quis augue luctus tincidunt. Nulla mollis molestie lorem. Quisque ut erat. Curabitur gravida nisi at nibh. In hac habitasse platea dictumst. Aliquam augue quam, sollicitudin vitae, consectetuer eget, rutrum at, lorem. Integer tincidunt ante vel ipsum. Praesent blandit lacinia erat. Vestibulum sed magna at nunc commodo placerat. Praesent blandit. Nam nulla. Integer pede justo, lacinia eget, tincidunt eget, tempus vel, pede. Morbi porttitor lorem id ligula. Suspendisse ornare consequat lectus. In est risus, auctor sed, tristique in, tempus sit amet, sem. Fusce consequat. Nulla nisl. Nunc nisl."
        },
        {
            "codigo": "721238103-9",
            "titulo": "The Quick Python Book",
            "capa": "https://s3.amazonaws.com/AKIAJC5RLADLUMVRPFDQ.book-thumb-images/colledge.jpg",
            "autores": [
                {
                    "nome": "Rod Colledge"
                }
            ],
            "edicao": 4,
            "ano": 2018,
            "editora": "Cengage",
            "local": "Rio de Janeiro",
            "classificacao": "Banco de Dados",
            "assunto": "Aenean auctor gravida sem. Praesent id massa id nisl venenatis lacinia. Aenean sit amet justo. Morbi ut odio. Cras mi pede, malesuada in, imperdiet et, commodo vulputate, justo. In blandit ultrices enim. Lorem ipsum dolor sit amet, consectetuer adipiscing elit. Proin interdum mauris non ligula pellentesque ultrices. Phasellus id sapien in sapien iaculis congue. Vivamus metus arcu, adipiscing molestie, hendrerit at, vulputate vitae, nisl. Aenean lectus. Pellentesque eget nunc. Donec quis orci eget orci vehicula condimentum. Curabitur in libero ut massa volutpat convallis. Morbi odio odio, elementum eu, interdum eu, tincidunt in, leo. Maecenas pulvinar lobortis est. Phasellus sit amet erat. Nulla tempus. Vivamus in felis eu sapien cursus vestibulum. Proin eu mi. Nulla ac enim. In tempor, turpis nec euismod scelerisque, quam turpis adipiscing lorem, vitae mattis nibh ligula nec sem. Duis aliquam convallis nunc. Proin at turpis a pede posuere nonummy. Integer non velit. Donec diam neque, vestibulum eget, vulputate ut, ultrices vel, augue. Vestibulum ante ipsum primis in faucibus orci luctus et ultrices posuere cubilia Curae; Donec pharetra, magna vestibulum aliquet ultrices, erat tortor sollicitudin mi, sit amet lobortis sapien sapien non mi. Integer ac neque."
        },
        {
            "codigo": "121433536-5",
            "titulo": "Second Edition",
            "capa": "https://s3.amazonaws.com/AKIAJC5RLADLUMVRPFDQ.book-thumb-images/collins.jpg",
            "autores": [
                {
                    "nome": "Charlie Collins"
                },
                {
                    "nome": "Michael D. Galpin"
                },
                {
                    "nome": "Matthias Kaeppler"
                }
            ],
            "edicao": 8,
            "ano": 2019,
            "editora": "Springer",
            "local": "Rio de Janeiro",
            "classificacao": "Programação",
            "assunto": "Vivamus tortor. Duis mattis egestas metus. Aenean fermentum. Donec ut mauris eget massa tempor convallis. Nulla neque libero, convallis eget, eleifend luctus, ultricies eu, nibh. Quisque id justo sit amet sapien dignissim vestibulum. Vestibulum ante ipsum primis in faucibus orci luctus et ultrices posuere cubilia Curae; Nulla dapibus dolor vel est. Donec odio justo, sollicitudin ut, suscipit a, feugiat et, eros. Vestibulum ac est lacinia nisi venenatis tristique. Fusce congue, diam id ornare imperdiet, sapien urna pretium nisl, ut volutpat sapien arcu sed augue. Aliquam erat volutpat. In congue. Etiam justo. Etiam pretium iaculis justo. In hac habitasse platea dictumst. Etiam faucibus cursus urna. Ut tellus. Nulla ut erat id mauris vulputate elementum. Nullam varius. Nulla facilisi. Cras non velit nec nisi vulputate nonummy. Maecenas tincidunt lacus at velit. Vivamus vel nulla eget eros elementum pellentesque. Quisque porta volutpat erat. Quisque erat eros, viverra eget, congue eget, semper rutrum, nulla. Nunc purus."
        },
        {
            "codigo": "799413073-9",
            "titulo": "Internet and Intranet Applications with PowerBuilder 6",
            "capa": "https://s3.amazonaws.com/AKIAJC5RLADLUMVRPFDQ.book-thumb-images/conway.jpg",
            "autores": [
                {
                    "nome": "Damian Conway"
                }
            ],
            "edicao": 9,
            "ano": 2021,
            "editora": "Pearson",
            "local": "São Paulo",
            "classificacao": "Programação",
            "assunto": "Aliquam augue quam, sollicitudin vitae, consectetuer eget, rutrum at, lorem. Integer tincidunt ante vel ipsum. Praesent blandit lacinia erat. Vestibulum sed magna at nunc commodo placerat. Praesent blandit. Nam nulla. Integer pede justo, lacinia eget, tincidunt eget, tempus vel, pede. Morbi porttitor lorem id ligula. Suspendisse ornare consequat lectus. In est risus, auctor sed, tristique in, tempus sit amet, sem. Fusce consequat. Nulla nisl. Nunc nisl. Duis bibendum, felis sed interdum venenatis, turpis enim blandit mi, in porttitor pede justo eu massa. Donec dapibus. Duis at velit eu est congue elementum. In hac habitasse platea dictumst. Morbi vestibulum, velit id pretium iaculis, diam erat fermentum justo, nec condimentum neque sapien placerat ante. Nulla justo. Aliquam quis turpis eget elit sodales scelerisque. Mauris sit amet eros. Suspendisse accumsan tortor quis turpis. Sed ante. Vivamus tortor. Duis mattis egestas metus. Aenean fermentum. Donec ut mauris eget massa tempor convallis."
        },
        {
            "codigo": "650036551-8",
            "titulo": "Spring Dynamic Modules in Action",
            "capa": "https://s3.amazonaws.com/AKIAJC5RLADLUMVRPFDQ.book-thumb-images/crane.jpg",
            "autores": [
                {
                    "nome": "Dave Crane"
                },
                {
                    "nome": "Eric Pascarello with Darren James"
                }
            ],
            "edicao": 7,
            "ano": 2014,
            "editora": "Cengage",
            "local": "Rio de Janeiro",
            "classificacao": "Programação",
            "assunto": "Pellentesque viverra pede ac diam. Cras pellentesque volutpat dui. Maecenas tristique, est et tempus semper, est quam pharetra magna, ac consequat metus sapien ut nunc. Vestibulum ante ipsum primis in faucibus orci luctus et ultrices posuere cubilia Curae; Mauris viverra diam vitae quam. Suspendisse potenti. Nullam porttitor lacus at turpis. Donec posuere metus vitae ipsum. Aliquam non mauris. Morbi non lectus. Aliquam sit amet diam in magna bibendum imperdiet. Nullam orci pede, venenatis non, sodales sed, tincidunt eu, felis. Fusce posuere felis sed lacus. Morbi sem mauris, laoreet ut, rhoncus aliquet, pulvinar sed, nisl. Nunc rhoncus dui vel sem. Sed sagittis. Nam congue, risus semper porta volutpat, quam pede lobortis ligula, sit amet eleifend pede libero quis orci. Nullam molestie nibh in lectus. Pellentesque at nulla. Suspendisse potenti. Cras in purus eu magna vulputate luctus. Cum sociis natoque penatibus et magnis dis parturient montes, nascetur ridiculus mus. Vivamus vestibulum sagittis sapien. Cum sociis natoque penatibus et magnis dis parturient montes, nascetur ridiculus mus. Etiam vel augue."
        },
        {
            "codigo": "587976568-7",
            "titulo": "SQL Server 2008 Administration in Action",
            "capa": "https://s3.amazonaws.com/AKIAJC5RLADLUMVRPFDQ.book-thumb-images/crane2.jpg",
            "autores": [
                {
                    "nome": "Dave Crane"
                },
                {
                    "nome": "Jord Sonneveld and Bear Bibeault with Ted Goddard"
                },
                {
                    "nome": "Chris Gray"
                },
                {
                    "nome": "Ram Venkataraman"
                },
                {
                    "nome": "Joe Walker"
                }
            ],
            "edicao": 8,
            "ano": 2020,
            "editora": "Pearson",
            "local": "Salvador",
            "classificacao": "Programação",
            "assunto": "Aenean auctor gravida sem. Praesent id massa id nisl venenatis lacinia. Aenean sit amet justo. Morbi ut odio. Cras mi pede, malesuada in, imperdiet et, commodo vulputate, justo. In blandit ultrices enim. Lorem ipsum dolor sit amet, consectetuer adipiscing elit. Proin interdum mauris non ligula pellentesque ultrices. Phasellus id sapien in sapien iaculis congue. Vivamus metus arcu, adipiscing molestie, hendrerit at, vulputate vitae, nisl. Aenean lectus. Pellentesque eget nunc. Donec quis orci eget orci vehicula condimentum. Curabitur in libero ut massa volutpat convallis. Morbi odio odio, elementum eu, interdum eu, tincidunt in, leo. Maecenas pulvinar lobortis est. Phasellus sit amet erat. Nulla tempus. Vivamus in felis eu sapien cursus vestibulum. Proin eu mi. Nulla ac enim. In tempor, turpis nec euismod scelerisque, quam turpis adipiscing lorem, vitae mattis nibh ligula nec sem. Duis aliquam convallis nunc. Proin at turpis a pede posuere nonummy. Integer non velit. Donec diam neque, vestibulum eget, vulputate ut, ultrices vel, augue. Vestibulum ante ipsum primis in faucibus orci luctus et ultrices posuere cubilia Curae; Donec pharetra, magna vestibulum aliquet ultrices, erat tortor sollicitudin mi, sit amet lobortis sapien sapien non mi. Integer ac neque."
        },
        {
            "codigo": "924989524-0",
            "titulo": "Android in Practice",
            "capa": "https://s3.amazonaws.com/AKIAJC5RLADLUMVRPFDQ.book-thumb-images/crowther.jpg",
            "autores": [
                {
                    "nome": "Rob Crowther"
                }
            ],
            "edicao": 1,
            "ano": 2015,
            "editora": "",
            "local": "Salvador",
            "classificacao": "Programação",
            "assunto": "Duis bibendum, felis sed interdum venenatis, turpis enim blandit mi, in porttitor pede justo eu massa. Donec dapibus. Duis at velit eu est congue elementum. In hac habitasse platea dictumst. Morbi vestibulum, velit id pretium iaculis, diam erat fermentum justo, nec condimentum neque sapien placerat ante. Nulla justo. Aliquam quis turpis eget elit sodales scelerisque. Mauris sit amet eros. Suspendisse accumsan tortor quis turpis. Sed ante. Vivamus tortor. Duis mattis egestas metus. Aenean fermentum. Donec ut mauris eget massa tempor convallis. Nulla neque libero, convallis eget, eleifend luctus, ultricies eu, nibh. Quisque id justo sit amet sapien dignissim vestibulum."
        },
        {
            "codigo": "716266372-9",
            "titulo": "Object Oriented Perl",
            "capa": "https://s3.amazonaws.com/AKIAJC5RLADLUMVRPFDQ.book-thumb-images/dennis.jpg",
            "autores": [
                {
                    "nome": "Alan Dennis"
                }
            ],
            "edicao": 9,
            "ano": 2021,
            "editora": "Cengage",
            "local": "São Paulo",
            "classificacao": "Programação",
            "assunto": "Nullam molestie nibh in lectus. Pellentesque at nulla. Suspendisse potenti. Cras in purus eu magna vulputate luctus. Cum sociis natoque penatibus et magnis dis parturient montes, nascetur ridiculus mus. Vivamus vestibulum sagittis sapien. Cum sociis natoque penatibus et magnis dis parturient montes, nascetur ridiculus mus. Etiam vel augue. Vestibulum rutrum rutrum neque. Aenean auctor gravida sem. Praesent id massa id nisl venenatis lacinia. Aenean sit amet justo. Morbi ut odio. Cras mi pede, malesuada in, imperdiet et, commodo vulputate, justo. In blandit ultrices enim. Lorem ipsum dolor sit amet, consectetuer adipiscing elit. Proin interdum mauris non ligula pellentesque ultrices. Phasellus id sapien in sapien iaculis congue."
        },
        {
            "codigo": "321573429-X",
            "titulo": "Ajax in Action",
            "capa": "https://s3.amazonaws.com/AKIAJC5RLADLUMVRPFDQ.book-thumb-images/rimple.jpg",
            "autores": [
                {
                    "nome": "Ken Rimple"
                },
                {
                    "nome": "Srini Penchikala"
                }
            ],
            "edicao": 6,
            "ano": 2019,
            "editora": "Springer",
            "local": "Rio de Janeiro",
            "classificacao": "Programação",
            "assunto": "Quisque id justo sit amet sapien dignissim vestibulum. Vestibulum ante ipsum primis in faucibus orci luctus et ultrices posuere cubilia Curae; Nulla dapibus dolor vel est. Donec odio justo, sollicitudin ut, suscipit a, feugiat et, eros. Vestibulum ac est lacinia nisi venenatis tristique."
        },
        {
            "codigo": "589469173-7",
            "titulo": "Ajax in Practice",
            "capa": "https://s3.amazonaws.com/AKIAJC5RLADLUMVRPFDQ.book-thumb-images/drye.jpg",
            "autores": [
                {
                    "nome": "Stephen C. Drye"
                },
                {
                    "nome": "William C. Wake"
                }
            ],
            "edicao": 8,
            "ano": 2019,
            "editora": "Springer",
            "local": "São Paulo",
            "classificacao": "Programação",
            "assunto": "Nullam molestie nibh in lectus. Pellentesque at nulla. Suspendisse potenti. Cras in purus eu magna vulputate luctus. Cum sociis natoque penatibus et magnis dis parturient montes, nascetur ridiculus mus. Vivamus vestibulum sagittis sapien. Cum sociis natoque penatibus et magnis dis parturient montes, nascetur ridiculus mus. Etiam vel augue. Vestibulum rutrum rutrum neque. Aenean auctor gravida sem. Praesent id massa id nisl venenatis lacinia. Aenean sit amet justo. Morbi ut odio."
        },
        {
            "codigo": "755597399-5",
            "titulo": "Hello! HTML5 & CSS3",
            "capa": "https://s3.amazonaws.com/AKIAJC5RLADLUMVRPFDQ.book-thumb-images/goyal4.jpg",
            "autores": [
                {
                    "nome": "Vikram Goyal"
                }
            ],
            "edicao": 1,
            "ano": 2013,
            "editora": "Pearson",
            "local": "Rio de Janeiro",
            "classificacao": "XML",
            "assunto": "In hac habitasse platea dictumst. Etiam faucibus cursus urna. Ut tellus. Nulla ut erat id mauris vulputate elementum. Nullam varius. Nulla facilisi. Cras non velit nec nisi vulputate nonummy. Maecenas tincidunt lacus at velit. Vivamus vel nulla eget eros elementum pellentesque. Quisque porta volutpat erat. Quisque erat eros, viverra eget, congue eget, semper rutrum, nulla. Nunc purus. Phasellus in felis. Donec semper sapien a libero. Nam dui. Proin leo odio, porttitor id, consequat in, consequat ut, nulla. Sed accumsan felis. Ut at dolor quis odio consequat varius. Integer ac leo. Pellentesque ultrices mattis odio. Donec vitae nisi."
        },
        {
            "codigo": "059249706-2",
            "titulo": ".NET Multithreading",
            "capa": "https://s3.amazonaws.com/AKIAJC5RLADLUMVRPFDQ.book-thumb-images/goyal7.jpg",
            "autores": [
                {
                    "nome": "Vikram Goyal"
                }
            ],
            "edicao": 5,
            "ano": 2016,
            "editora": "",
            "local": "Brasília",
            "classificacao": "Programação",
            "assunto": "Fusce congue, diam id ornare imperdiet, sapien urna pretium nisl, ut volutpat sapien arcu sed augue. Aliquam erat volutpat. In congue. Etiam justo. Etiam pretium iaculis justo. In hac habitasse platea dictumst. Etiam faucibus cursus urna. Ut tellus. Nulla ut erat id mauris vulputate elementum. Nullam varius. Nulla facilisi. Cras non velit nec nisi vulputate nonummy. Maecenas tincidunt lacus at velit. Vivamus vel nulla eget eros elementum pellentesque. Quisque porta volutpat erat. Quisque erat eros, viverra eget, congue eget, semper rutrum, nulla. Nunc purus. Phasellus in felis. Donec semper sapien a libero. Nam dui. Proin leo odio, porttitor id, consequat in, consequat ut, nulla. Sed accumsan felis. Ut at dolor quis odio consequat varius. Integer ac leo."
        },
        {
            "codigo": "484306888-8",
            "titulo": "Spring Roo in Action",
            "capa": "https://s3.amazonaws.com/AKIAJC5RLADLUMVRPFDQ.book-thumb-images/goyal8.jpg",
            "autores": [
                {
                    "nome": "Vikram Goyal"
                }
            ],
            "edicao": 7,
            "ano": 2017,
            "editora": "Cengage",
            "local": "São Paulo",
            "classificacao": "Programação",
            "assunto": "Duis ac nibh. Fusce lacus purus, aliquet at, feugiat non, pretium quis, lectus. Suspendisse potenti. In eleifend quam a odio. In hac habitasse platea dictumst. Maecenas ut massa quis augue luctus tincidunt. Nulla mollis molestie lorem. Quisque ut erat. Curabitur gravida nisi at nibh. In hac habitasse platea dictumst. Aliquam augue quam, sollicitudin vitae, consectetuer eget, rutrum at, lorem."
        },
        {
            "codigo": "263268284-3",
            "titulo": "Java Foundation Classes",
            "capa": "https://s3.amazonaws.com/AKIAJC5RLADLUMVRPFDQ.book-thumb-images/grayson.jpg",
            "autores": [
                {
                    "nome": "John E. Grayson"
                }
            ],
            "edicao": 2,
            "ano": 2021,
            "editora": "",
            "local": "Brasília",
            "classificacao": "Programação",
            "assunto": "Donec diam neque, vestibulum eget, vulputate ut, ultrices vel, augue."
        },
        {
            "codigo": "949436916-5",
            "titulo": "XML Parsing with Digester",
            "capa": "https://s3.amazonaws.com/AKIAJC5RLADLUMVRPFDQ.book-thumb-images/grimes.jpg",
            "autores": [
                {
                    "nome": "Fergal Grimes"
                }
            ],
            "edicao": 5,
            "ano": 2017,
            "editora": "Springer",
            "local": "Brasília",
            "classificacao": "Programação",
            "assunto": "Nulla neque libero, convallis eget, eleifend luctus, ultricies eu, nibh. Quisque id justo sit amet sapien dignissim vestibulum. Vestibulum ante ipsum primis in faucibus orci luctus et ultrices posuere cubilia Curae; Nulla dapibus dolor vel est. Donec odio justo, sollicitudin ut, suscipit a, feugiat et, eros. Vestibulum ac est lacinia nisi venenatis tristique. Fusce congue, diam id ornare imperdiet, sapien urna pretium nisl, ut volutpat sapien arcu sed augue. Aliquam erat volutpat. In congue. Etiam justo. Etiam pretium iaculis justo. In hac habitasse platea dictumst. Etiam faucibus cursus urna. Ut tellus. Nulla ut erat id mauris vulputate elementum. Nullam varius. Nulla facilisi. Cras non velit nec nisi vulputate nonummy. Maecenas tincidunt lacus at velit. Vivamus vel nulla eget eros elementum pellentesque. Quisque porta volutpat erat. Quisque erat eros, viverra eget, congue eget, semper rutrum, nulla. Nunc purus. Phasellus in felis. Donec semper sapien a libero. Nam dui. Proin leo odio, porttitor id, consequat in, consequat ut, nulla. Sed accumsan felis."
        },
        {
            "codigo": "759991665-2",
            "titulo": "Enhancing Java Core Libraries with Collections",
            "capa": "https://s3.amazonaws.com/AKIAJC5RLADLUMVRPFDQ.book-thumb-images/harms.jpg",
            "autores": [
                {
                    "nome": "Daryl Harms"
                },
                {
                    "nome": "Kenneth McDonald"
                }
            ],
            "edicao": 5,
            "ano": 2020,
            "editora": "",
            "local": "Salvador",
            "classificacao": "Programação",
            "assunto": "Aliquam augue quam, sollicitudin vitae, consectetuer eget, rutrum at, lorem. Integer tincidunt ante vel ipsum. Praesent blandit lacinia erat."
        },
        {
            "codigo": "316384575-4",
            "titulo": "Enhancing Java Core Libraries with BeanUtils and Lang",
            "capa": "https://s3.amazonaws.com/AKIAJC5RLADLUMVRPFDQ.book-thumb-images/hay.jpg",
            "autores": [
                {
                    "nome": "Chris Hay"
                },
                {
                    "nome": "Brian H. Prince"
                }
            ],
            "edicao": 6,
            "ano": 2016,
            "editora": "Pearson",
            "local": "São Paulo",
            "classificacao": "Cloud",
            "assunto": "Morbi odio odio, elementum eu, interdum eu, tincidunt in, leo. Maecenas pulvinar lobortis est. Phasellus sit amet erat. Nulla tempus. Vivamus in felis eu sapien cursus vestibulum. Proin eu mi. Nulla ac enim. In tempor, turpis nec euismod scelerisque, quam turpis adipiscing lorem, vitae mattis nibh ligula nec sem. Duis aliquam convallis nunc. Proin at turpis a pede posuere nonummy. Integer non velit. Donec diam neque, vestibulum eget, vulputate ut, ultrices vel, augue. Vestibulum ante ipsum primis in faucibus orci luctus et ultrices posuere cubilia Curae; Donec pharetra, magna vestibulum aliquet ultrices, erat tortor sollicitudin mi, sit amet lobortis sapien sapien non mi. Integer ac neque. Duis bibendum. Morbi non quam nec dui luctus rutrum. Nulla tellus. In sagittis dui vel nisl. Duis ac nibh. Fusce lacus purus, aliquet at, feugiat non, pretium quis, lectus. Suspendisse potenti. In eleifend quam a odio. In hac habitasse platea dictumst."
        }
    ]
}