<?xml version='1.0' encoding='UTF-8'?>
<receita_federal>
<contribuinte><cpf>986.316.778-02</cpf><rg>95.114.331-9</rg><nome>Rhea Scawen</nome><nascimento>04/05/2011</nascimento><endereco><logradouro>6 Farragut Lane</logradouro><numero>145</numero><bairro>Penha</bairro><cep>74836-093</cep><cidade>Salvador</cidade><estado>BA</estado></endereco><contato><telefone>(57) 5104-9860</telefone><celular>(09) 87716-9629</celular><email>rscawen0@ameblo.jp</email></contato><renda>$21421.34</renda><foto>https://robohash.org/nobisvoluptasprovident.png?size=150x150&amp;set=set1</foto><conta_corrente><banco>Caixa</banco><agencia>8789-2</agencia><numero>03212758022211-3</numero></conta_corrente></contribuinte><contribuinte><cpf>832.904.912-17</cpf><rg>73.970.890-7</rg><nome>Nedda Burree</nome><nascimento>27/08/2018</nascimento><endereco><logradouro>07814 Grover Trail</logradouro><numero>786</numero><bairro>Itaquera</bairro><cep>06771-331</cep><cidade>Salvador</cidade><estado>BA</estado></endereco><contato><telefone>(35) 5382-8608</telefone><celular>(84) 23894-6418</celular><email>nburree1@mediafire.com</email></contato><renda>$4467.27</renda><foto>https://robohash.org/minusasperiorestempore.png?size=150x150&amp;set=set1</foto><conta_corrente><banco>Bradesco</banco><agencia>6591-8</agencia><numero>24477774960683-1</numero></conta_corrente></contribuinte><contribuinte><cpf>007.429.111-97</cpf><rg>04.633.547-7</rg><nome>Alyson Iacopetti</nome><nascimento>05/02/2011</nascimento><endereco><logradouro>027 Carey Trail</logradouro><numero>1653</numero><bairro>Brás</bairro><cep>67964-935</cep><cidade>Salvador</cidade><estado>RJ</estado></endereco><contato><telefone>(26) 9570-8848</telefone><celular>(09) 94074-2769</celular><email>aiacopetti2@intel.com</email></contato><renda>$2300.16</renda><foto>https://robohash.org/sequinostrumconsectetur.png?size=150x150&amp;set=set1</foto><conta_corrente><banco>Santander</banco><agencia>9777-8</agencia><numero>22714664747169-6</numero></conta_corrente></contribuinte><contribuinte><cpf>953.813.423-07</cpf><rg>15.923.629-0</rg><nome>Brear Bardsley</nome><nascimento>11/12/1996</nascimento><endereco><logradouro>3960 Garrison Drive</logradouro><numero>1640</numero><bairro>Mooca</bairro><cep>38789-642</cep><cidade>Brasília</cidade><estado>RJ</estado></endereco><contato><telefone>(29) 1800-0447</telefone><celular>(37) 09743-1899</celular><email>bbardsley3@japanpost.jp</email></contato><renda>$21939.27</renda><foto>https://robohash.org/eaaliquidqui.png?size=150x150&amp;set=set1</foto><conta_corrente><banco>Caixa</banco><agencia>5209-4</agencia><numero>40709374067046-5</numero></conta_corrente></contribuinte><contribuinte><cpf>076.952.631-59</cpf><rg>08.965.466-8</rg><nome>Rodger Corselles</nome><nascimento>25/07/1999</nascimento><endereco><logradouro>396 Killdeer Lane</logradouro><numero>1784</numero><bairro>Cidade Líder</bairro><cep>26806-406</cep><cidade>Brasília</cidade><estado>DF</estado></endereco><contato><telefone>(74) 7579-5120</telefone><celular>(61) 82531-4159</celular><email>rcorselles4@elpais.com</email></contato><renda>$24099.44</renda><foto>https://robohash.org/magnamfacilisodit.png?size=150x150&amp;set=set1</foto><conta_corrente><banco>Bradesco</banco><agencia>0174-4</agencia><numero>23721341285336-5</numero></conta_corrente></contribuinte><contribuinte><cpf>549.440.864-38</cpf><rg>01.117.080-5</rg><nome>Magdaia Aimson</nome><nascimento>29/09/1993</nascimento><endereco><logradouro>5801 Continental Avenue</logradouro><numero>501</numero><bairro>Penha</bairro><cep>22473-784</cep><cidade>Brasília</cidade><estado>DF</estado></endereco><contato><telefone>(60) 1473-6024</telefone><celular>(30) 79962-6049</celular><email>maimson5@yahoo.co.jp</email></contato><renda>$9798.49</renda><foto>https://robohash.org/enimipsamdebitis.png?size=150x150&amp;set=set1</foto><conta_corrente><banco>Caixa</banco><agencia>1698-7</agencia><numero>90666376131986-4</numero></conta_corrente></contribuinte><contribuinte><cpf>677.020.718-70</cpf><rg>83.561.319-8</rg><nome>Kiele Compton</nome><nascimento>12/05/1986</nascimento><endereco><logradouro>7897 Haas Parkway</logradouro><numero>1572</numero><bairro>Mooca</bairro><cep>90432-251</cep><cidade>Rio de Janeiro</cidade><estado>SP</estado></endereco><contato><telefone>(34) 8517-7277</telefone><celular>(15) 06499-5269</celular><email>kcompton6@chron.com</email></contato><renda>$12535.01</renda><foto>https://robohash.org/rerummagniet.png?size=150x150&amp;set=set1</foto><conta_corrente><banco>Santander</banco><agencia>4772-7</agencia><numero>69427056573851-1</numero></conta_corrente></contribuinte><contribuinte><cpf>229.724.347-11</cpf><rg>26.237.960-5</rg><nome>Marco Evenett</nome><nascimento>02/11/1999</nascimento><endereco><logradouro>5 Summer Ridge Junction</logradouro><numero>1439</numero><bairro>Penha</bairro><cep>19108-607</cep><cidade>Salvador</cidade><estado>BA</estado></endereco><contato><telefone>(58) 4122-9742</telefone><celular>(35) 28872-5720</celular><email>mevenett7@army.mil</email></contato><renda>$15091.52</renda><foto>https://robohash.org/blanditiisidexpedita.png?size=150x150&amp;set=set1</foto><conta_corrente><banco>Bradesco</banco><agencia>7199-4</agencia><numero>12202299494652-5</numero></conta_corrente></contribuinte><contribuinte><cpf>436.247.862-97</cpf><rg>16.811.035-5</rg><nome>Lianne Allsup</nome><nascimento>13/01/1994</nascimento><endereco><logradouro>1683 Donald Plaza</logradouro><numero>1050</numero><bairro>Água Rasa</bairro><cep>41532-428</cep><cidade>Salvador</cidade><estado>SP</estado></endereco><contato><telefone>(76) 3130-0672</telefone><celular>(84) 46974-2272</celular><email>lallsup8@cocolog-nifty.com</email></contato><renda>$11805.06</renda><foto>https://robohash.org/inventoreestbeatae.png?size=150x150&amp;set=set1</foto><conta_corrente><banco>Banco do Brasil</banco><agencia>6502-8</agencia><numero>34428328885297-9</numero></conta_corrente></contribuinte><contribuinte><cpf>021.540.425-23</cpf><rg>92.468.846-6</rg><nome>Cesare Oakeby</nome><nascimento>27/07/1989</nascimento><endereco><logradouro>9986 Helena Way</logradouro><numero>1957</numero><bairro>Penha</bairro><cep>82006-904</cep><cidade>Salvador</cidade><estado>RJ</estado></endereco><contato><telefone>(94) 5595-7857</telefone><celular>(03) 57512-1556</celular><email>coakeby9@wordpress.com</email></contato><renda>$1866.22</renda><foto>https://robohash.org/voluptatemmodiconsequatur.png?size=150x150&amp;set=set1</foto><conta_corrente><banco>Caixa</banco><agencia>0649-6</agencia><numero>04679062878033-7</numero></conta_corrente></contribuinte><contribuinte><cpf>573.986.884-78</cpf><rg>18.809.009-5</rg><nome>Travers Tague</nome><nascimento>15/11/2000</nascimento><endereco><logradouro>475 Scoville Street</logradouro><numero>240</numero><bairro>Cidade Líder</bairro><cep>45617-325</cep><cidade>Salvador</cidade><estado>SP</estado></endereco><contato><telefone>(20) 2288-1100</telefone><celular>(60) 10668-2205</celular><email>ttaguea@fc2.com</email></contato><renda>$18928.83</renda><foto>https://robohash.org/facereperspiciatisnulla.png?size=150x150&amp;set=set1</foto><conta_corrente><banco>Caixa</banco><agencia>8983-8</agencia><numero>27406627906403-1</numero></conta_corrente></contribuinte><contribuinte><cpf>785.359.598-18</cpf><rg>83.314.981-3</rg><nome>Adelle Alelsandrovich</nome><nascimento>05/11/1982</nascimento><endereco><logradouro>115 Talisman Court</logradouro><numero>1684</numero><bairro>Brás</bairro><cep>33872-979</cep><cidade>Brasília</cidade><estado>RJ</estado></endereco><contato><telefone>(74) 5613-8625</telefone><celular>(22) 04885-7533</celular><email>aalelsandrovichb@amazon.com</email></contato><renda>$15679.46</renda><foto>https://robohash.org/istelaboreesse.png?size=150x150&amp;set=set1</foto><conta_corrente><banco>Santander</banco><agencia>2100-5</agencia><numero>52281567845125-6</numero></conta_corrente></contribuinte><contribuinte><cpf>055.960.869-90</cpf><rg>11.966.387-1</rg><nome>Ted Petrov</nome><nascimento>30/06/1997</nascimento><endereco><logradouro>5399 Havey Lane</logradouro><numero>1827</numero><bairro>Brás</bairro><cep>55983-981</cep><cidade>São Paulo</cidade><estado>DF</estado></endereco><contato><telefone>(47) 5793-4609</telefone><celular>(75) 90888-6089</celular><email>tpetrovc@cam.ac.uk</email></contato><renda>$8204.28</renda><foto>https://robohash.org/omnisquiea.png?size=150x150&amp;set=set1</foto><conta_corrente><banco>NuBank</banco><agencia>4793-9</agencia><numero>89060138400426-2</numero></conta_corrente></contribuinte><contribuinte><cpf>468.451.275-25</cpf><rg>57.584.664-2</rg><nome>Vanni Golagley</nome><nascimento>07/11/2019</nascimento><endereco><logradouro>80 Moulton Lane</logradouro><numero>960</numero><bairro>Artur Alvim</bairro><cep>22110-682</cep><cidade>São Paulo</cidade><estado>DF</estado></endereco><contato><telefone>(29) 7224-9884</telefone><celular>(61) 91485-1634</celular><email>vgolagleyd@google.de</email></contato><renda>$19156.68</renda><foto>https://robohash.org/cumetfacilis.png?size=150x150&amp;set=set1</foto><conta_corrente><banco>NuBank</banco><agencia>1483-6</agencia><numero>51638935385221-5</numero></conta_corrente></contribuinte><contribuinte><cpf>397.658.903-53</cpf><rg>34.876.610-2</rg><nome>Ronni Marmon</nome><nascimento>22/11/1981</nascimento><endereco><logradouro>2 Petterle Alley</logradouro><numero>1477</numero><bairro>Mooca</bairro><cep>56956-567</cep><cidade>Brasília</cidade><estado>RJ</estado></endereco><contato><telefone>(78) 2703-8516</telefone><celular>(81) 53992-8749</celular><email>rmarmone@rambler.ru</email></contato><renda>$8651.10</renda><foto>https://robohash.org/illumquamvel.png?size=150x150&amp;set=set1</foto><conta_corrente><banco>Santander</banco><agencia>7317-9</agencia><numero>68265563788355-1</numero></conta_corrente></contribuinte><contribuinte><cpf>804.637.033-00</cpf><rg>98.029.908-3</rg><nome>Jerrome O'Dunniom</nome><nascimento>27/01/2017</nascimento><endereco><logradouro>062 Moose Plaza</logradouro><numero>154</numero><bairro>Mooca</bairro><cep>97589-715</cep><cidade>Brasília</cidade><estado>SP</estado></endereco><contato><telefone>(40) 4964-9762</telefone><celular>(90) 24481-6567</celular><email>jodunniomf@jigsy.com</email></contato><renda>$27308.33</renda><foto>https://robohash.org/aperiamadipiscianimi.png?size=150x150&amp;set=set1</foto><conta_corrente><banco>Bradesco</banco><agencia>3082-7</agencia><numero>62747721676577-8</numero></conta_corrente></contribuinte><contribuinte><cpf>375.754.568-61</cpf><rg>13.588.332-2</rg><nome>Hilliard Dreghorn</nome><nascimento>22/08/2020</nascimento><endereco><logradouro>51 2nd Parkway</logradouro><numero>1945</numero><bairro>Moóca</bairro><cep>14676-631</cep><cidade>Brasília</cidade><estado>SP</estado></endereco><contato><telefone>(06) 2664-5769</telefone><celular>(04) 73662-1395</celular><email>hdreghorng@so-net.ne.jp</email></contato><renda>$20026.64</renda><foto>https://robohash.org/eligendinisirecusandae.png?size=150x150&amp;set=set1</foto><conta_corrente><banco>Banco do Brasil</banco><agencia>7415-9</agencia><numero>14825786037027-3</numero></conta_corrente></contribuinte><contribuinte><cpf>597.882.067-74</cpf><rg>78.106.605-8</rg><nome>Jacintha Attack</nome><nascimento>10/12/1992</nascimento><endereco><logradouro>0972 Messerschmidt Center</logradouro><numero>410</numero><bairro>Moóca</bairro><cep>53101-874</cep><cidade>Brasília</cidade><estado>DF</estado></endereco><contato><telefone>(53) 9418-2477</telefone><celular>(95) 82805-2936</celular><email>jattackh@over-blog.com</email></contato><renda>$17180.38</renda><foto>https://robohash.org/utidvoluptates.png?size=150x150&amp;set=set1</foto><conta_corrente><banco>NuBank</banco><agencia>3732-8</agencia><numero>67611406550964-6</numero></conta_corrente></contribuinte><contribuinte><cpf>767.773.116-43</cpf><rg>61.669.877-0</rg><nome>Christen Chart</nome><nascimento>16/09/2003</nascimento><endereco><logradouro>9 Sheridan Trail</logradouro><numero>1961</numero><bairro>Itaquera</bairro><cep>26095-141</cep><cidade>Brasília</cidade><estado>SP</estado></endereco><contato><telefone>(18) 0616-9045</telefone><celular>(19) 27752-8157</celular><email>ccharti@fc2.com</email></contato><renda>$29098.74</renda><foto>https://robohash.org/errorfugitsint.png?size=150x150&amp;set=set1</foto><conta_corrente><banco>Banco do Brasil</banco><agencia>4533-9</agencia><numero>00897659040401-6</numero></conta_corrente></contribuinte><contribuinte><cpf>165.127.086-69</cpf><rg>52.256.076-5</rg><nome>Hermine Kennler</nome><nascimento>07/10/2018</nascimento><endereco><logradouro>55477 Hanson Street</logradouro><numero>648</numero><bairro>Belém</bairro><cep>07823-078</cep><cidade>Rio de Janeiro</cidade><estado>BA</estado></endereco><contato><telefone>(74) 4152-9785</telefone><celular>(37) 60036-8415</celular><email>hkennlerj@census.gov</email></contato><renda>$14359.87</renda><foto>https://robohash.org/totamdebitisiste.png?size=150x150&amp;set=set1</foto><conta_corrente><banco>Santander</banco><agencia>4808-2</agencia><numero>34892776388610-3</numero></conta_corrente></contribuinte><contribuinte><cpf>007.283.287-84</cpf><rg>62.420.656-1</rg><nome>Nikaniki Hustings</nome><nascimento>08/10/2017</nascimento><endereco><logradouro>01506 Canary Junction</logradouro><numero>267</numero><bairro>Tatuapé</bairro><cep>79927-840</cep><cidade>Brasília</cidade><estado>BA</estado></endereco><contato><telefone>(71) 0869-8539</telefone><celular>(31) 36658-2497</celular><email>nhustingsk@msn.com</email></contato><renda>$28657.90</renda><foto>https://robohash.org/consequaturdictafacilis.png?size=150x150&amp;set=set1</foto><conta_corrente><banco>Banco do Brasil</banco><agencia>5093-3</agencia><numero>72447824435016-0</numero></conta_corrente></contribuinte><contribuinte><cpf>310.681.465-76</cpf><rg>31.918.935-1</rg><nome>Rosabella Cabel</nome><nascimento>12/07/1990</nascimento><endereco><logradouro>44559 Di Loreto Point</logradouro><numero>201</numero><bairro>Água Rasa</bairro><cep>92825-709</cep><cidade>Rio de Janeiro</cidade><estado>DF</estado></endereco><contato><telefone>(44) 5649-3399</telefone><celular>(21) 66186-5926</celular><email>rcabell@soundcloud.com</email></contato><renda>$19500.92</renda><foto>https://robohash.org/illocorruptiunde.png?size=150x150&amp;set=set1</foto><conta_corrente><banco>Banco do Brasil</banco><agencia>8963-5</agencia><numero>48184978794465-9</numero></conta_corrente></contribuinte><contribuinte><cpf>373.308.372-75</cpf><rg>95.235.741-7</rg><nome>Deborah Short</nome><nascimento>16/12/2004</nascimento><endereco><logradouro>14 Glendale Road</logradouro><numero>351</numero><bairro>Brás</bairro><cep>06331-188</cep><cidade>São Paulo</cidade><estado>DF</estado></endereco><contato><telefone>(30) 4505-9900</telefone><celular>(92) 69969-3651</celular><email>dshortm@yellowpages.com</email></contato><renda>$1942.98</renda><foto>https://robohash.org/quiasolutaplaceat.png?size=150x150&amp;set=set1</foto><conta_corrente><banco>Bradesco</banco><agencia>3643-7</agencia><numero>63474227777332-2</numero></conta_corrente></contribuinte><contribuinte><cpf>367.190.103-94</cpf><rg>65.964.815-2</rg><nome>Leroy Riddett</nome><nascimento>26/05/2000</nascimento><endereco><logradouro>179 Di Loreto Center</logradouro><numero>1848</numero><bairro>Belém</bairro><cep>08356-913</cep><cidade>São Paulo</cidade><estado>DF</estado></endereco><contato><telefone>(20) 8193-6056</telefone><celular>(70) 39232-4395</celular><email>lriddettn@dropbox.com</email></contato><renda>$16902.85</renda><foto>https://robohash.org/sitautlaborum.png?size=150x150&amp;set=set1</foto><conta_corrente><banco>Banco do Brasil</banco><agencia>2049-6</agencia><numero>47758780330466-9</numero></conta_corrente></contribuinte><contribuinte><cpf>734.650.391-61</cpf><rg>89.325.212-2</rg><nome>Clarence Emsden</nome><nascimento>12/12/2001</nascimento><endereco><logradouro>8 Kedzie Crossing</logradouro><numero>1288</numero><bairro>Brás</bairro><cep>10570-187</cep><cidade>Rio de Janeiro</cidade><estado>SP</estado></endereco><contato><telefone>(68) 1286-5716</telefone><celular>(94) 49641-1714</celular><email>cemsdeno@addtoany.com</email></contato><renda>$29608.57</renda><foto>https://robohash.org/velvelitanimi.png?size=150x150&amp;set=set1</foto><conta_corrente><banco>Santander</banco><agencia>7224-9</agencia><numero>27626075393911-4</numero></conta_corrente></contribuinte><contribuinte><cpf>352.186.830-40</cpf><rg>75.104.167-0</rg><nome>Edouard Daggett</nome><nascimento>07/08/1989</nascimento><endereco><logradouro>696 La Follette Terrace</logradouro><numero>2000</numero><bairro>Moóca</bairro><cep>15340-386</cep><cidade>Rio de Janeiro</cidade><estado>BA</estado></endereco><contato><telefone>(97) 3315-4824</telefone><celular>(84) 18847-6704</celular><email>edaggettp@howstuffworks.com</email></contato><renda>$18402.17</renda><foto>https://robohash.org/providenttemporibuset.png?size=150x150&amp;set=set1</foto><conta_corrente><banco>Bradesco</banco><agencia>5641-4</agencia><numero>15598766930220-6</numero></conta_corrente></contribuinte><contribuinte><cpf>369.701.557-95</cpf><rg>19.738.056-8</rg><nome>Ignazio Toner</nome><nascimento>16/05/2001</nascimento><endereco><logradouro>85684 Michigan Street</logradouro><numero>1525</numero><bairro>Brás</bairro><cep>58445-118</cep><cidade>São Paulo</cidade><estado>BA</estado></endereco><contato><telefone>(64) 5005-8254</telefone><celular>(27) 23919-1802</celular><email>itonerq@diigo.com</email></contato><renda>$11714.78</renda><foto>https://robohash.org/occaecatiasperioresillum.png?size=150x150&amp;set=set1</foto><conta_corrente><banco>Santander</banco><agencia>9415-9</agencia><numero>82065863191327-6</numero></conta_corrente></contribuinte><contribuinte><cpf>687.368.442-08</cpf><rg>80.256.122-3</rg><nome>Kaleb Eseler</nome><nascimento>07/08/2006</nascimento><endereco><logradouro>50 Bayside Crossing</logradouro><numero>1254</numero><bairro>Mooca</bairro><cep>53120-972</cep><cidade>São Paulo</cidade><estado>SP</estado></endereco><contato><telefone>(79) 4625-9959</telefone><celular>(40) 67961-5110</celular><email>keselerr@ox.ac.uk</email></contato><renda>$10534.03</renda><foto>https://robohash.org/eosenimvoluptatum.png?size=150x150&amp;set=set1</foto><conta_corrente><banco>Santander</banco><agencia>5321-8</agencia><numero>60277889037002-1</numero></conta_corrente></contribuinte><contribuinte><cpf>143.612.019-32</cpf><rg>73.842.256-1</rg><nome>Ricki Binford</nome><nascimento>18/10/2004</nascimento><endereco><logradouro>134 Eggendart Hill</logradouro><numero>462</numero><bairro>Penha</bairro><cep>04258-142</cep><cidade>Rio de Janeiro</cidade><estado>BA</estado></endereco><contato><telefone>(95) 9401-9844</telefone><celular>(28) 58309-2906</celular><email>rbinfords@google.com.hk</email></contato><renda>$10176.34</renda><foto>https://robohash.org/etautreprehenderit.png?size=150x150&amp;set=set1</foto><conta_corrente><banco>NuBank</banco><agencia>1798-5</agencia><numero>45751655487750-6</numero></conta_corrente></contribuinte><contribuinte><cpf>573.294.024-44</cpf><rg>87.721.235-0</rg><nome>Daisie Hadigate</nome><nascimento>29/07/2013</nascimento><endereco><logradouro>968 Declaration Court</logradouro><numero>181</numero><bairro>Água Rasa</bairro><cep>94773-810</cep><cidade>Salvador</cidade><estado>DF</estado></endereco><contato><telefone>(16) 5025-3668</telefone><celular>(74) 66380-2426</celular><email>dhadigatet@networkadvertising.org</email></contato><renda>$20904.62</renda><foto>https://robohash.org/iustovoluptasvitae.png?size=150x150&amp;set=set1</foto><conta_corrente><banco>Banco do Brasil</banco><agencia>9734-3</agencia><numero>62312961423282-2</numero></conta_corrente></contribuinte><contribuinte><cpf>527.705.102-24</cpf><rg>91.837.597-5</rg><nome>Isidor O'Caherny</nome><nascimento>10/02/1981</nascimento><endereco><logradouro>75 Hermina Lane</logradouro><numero>1418</numero><bairro>Brás</bairro><cep>85062-959</cep><cidade>Salvador</cidade><estado>DF</estado></endereco><contato><telefone>(60) 3777-6973</telefone><celular>(10) 09393-4568</celular><email>iocahernyu@domainmarket.com</email></contato><renda>$16358.20</renda><foto>https://robohash.org/etmolestiaesuscipit.png?size=150x150&amp;set=set1</foto><conta_corrente><banco>Santander</banco><agencia>0589-0</agencia><numero>87575104047190-9</numero></conta_corrente></contribuinte><contribuinte><cpf>918.954.690-71</cpf><rg>58.968.198-5</rg><nome>Meir Iacomettii</nome><nascimento>09/11/2002</nascimento><endereco><logradouro>5 Eagle Crest Road</logradouro><numero>1055</numero><bairro>Água Rasa</bairro><cep>75677-003</cep><cidade>Salvador</cidade><estado>BA</estado></endereco><contato><telefone>(90) 4664-2558</telefone><celular>(92) 61645-1988</celular><email>miacomettiiv@dagondesign.com</email></contato><renda>$11388.70</renda><foto>https://robohash.org/estsitdoloribus.png?size=150x150&amp;set=set1</foto><conta_corrente><banco>Santander</banco><agencia>3417-8</agencia><numero>64663167328295-6</numero></conta_corrente></contribuinte><contribuinte><cpf>851.903.130-62</cpf><rg>75.108.810-0</rg><nome>Chester Campana</nome><nascimento>02/03/1988</nascimento><endereco><logradouro>7031 Raven Way</logradouro><numero>324</numero><bairro>Moóca</bairro><cep>73894-203</cep><cidade>São Paulo</cidade><estado>RJ</estado></endereco><contato><telefone>(58) 3923-2480</telefone><celular>(68) 69288-8126</celular><email>ccampanaw@google.nl</email></contato><renda>$19503.97</renda><foto>https://robohash.org/perferendisreprehenderitaliquid.png?size=150x150&amp;set=set1</foto><conta_corrente><banco>Banco do Brasil</banco><agencia>9068-4</agencia><numero>51688655259914-5</numero></conta_corrente></contribuinte><contribuinte><cpf>890.375.771-49</cpf><rg>16.349.011-7</rg><nome>Bruis Seres</nome><nascimento>23/10/1995</nascimento><endereco><logradouro>2 Warrior Parkway</logradouro><numero>1751</numero><bairro>Cidade Líder</bairro><cep>82039-226</cep><cidade>Salvador</cidade><estado>RJ</estado></endereco><contato><telefone>(09) 8170-0602</telefone><celular>(52) 81554-0856</celular><email>bseresx@bravesites.com</email></contato><renda>$21882.57</renda><foto>https://robohash.org/eosimpeditnostrum.png?size=150x150&amp;set=set1</foto><conta_corrente><banco>Bradesco</banco><agencia>7453-1</agencia><numero>61951761857296-7</numero></conta_corrente></contribuinte><contribuinte><cpf>850.906.974-21</cpf><rg>10.130.116-0</rg><nome>Nicolina Gossage</nome><nascimento>27/11/2002</nascimento><endereco><logradouro>39073 Main Hill</logradouro><numero>249</numero><bairro>Brás</bairro><cep>11937-450</cep><cidade>São Paulo</cidade><estado>DF</estado></endereco><contato><telefone>(92) 4521-9192</telefone><celular>(47) 59943-9497</celular><email>ngossagey@wix.com</email></contato><renda>$14686.94</renda><foto>https://robohash.org/nihilametvoluptatem.png?size=150x150&amp;set=set1</foto><conta_corrente><banco>NuBank</banco><agencia>4361-1</agencia><numero>47443730535608-3</numero></conta_corrente></contribuinte><contribuinte><cpf>684.003.723-98</cpf><rg>71.741.869-2</rg><nome>Demetri Bottjer</nome><nascimento>02/08/2007</nascimento><endereco><logradouro>66 Jenna Drive</logradouro><numero>1390</numero><bairro>Penha</bairro><cep>82407-594</cep><cidade>Brasília</cidade><estado>DF</estado></endereco><contato><telefone>(42) 0997-3632</telefone><celular>(18) 03325-8592</celular><email>dbottjerz@imageshack.us</email></contato><renda>$24621.34</renda><foto>https://robohash.org/rationeaccusantiumquis.png?size=150x150&amp;set=set1</foto><conta_corrente><banco>Bradesco</banco><agencia>9646-1</agencia><numero>12253092289054-9</numero></conta_corrente></contribuinte><contribuinte><cpf>409.319.299-58</cpf><rg>81.214.981-7</rg><nome>Teresita Thorneloe</nome><nascimento>25/09/2012</nascimento><endereco><logradouro>9025 Twin Pines Park</logradouro><numero>1324</numero><bairro>Cidade Líder</bairro><cep>61005-921</cep><cidade>Salvador</cidade><estado>SP</estado></endereco><contato><telefone>(25) 7786-2990</telefone><celular>(66) 69419-9423</celular><email>tthorneloe10@slashdot.org</email></contato><renda>$11436.93</renda><foto>https://robohash.org/sintquasiquia.png?size=150x150&amp;set=set1</foto><conta_corrente><banco>Santander</banco><agencia>8261-7</agencia><numero>53298361778160-1</numero></conta_corrente></contribuinte><contribuinte><cpf>887.235.958-22</cpf><rg>23.669.732-7</rg><nome>Neddy Seywood</nome><nascimento>28/09/2014</nascimento><endereco><logradouro>96562 Roxbury Way</logradouro><numero>1725</numero><bairro>Itaquera</bairro><cep>03110-794</cep><cidade>Rio de Janeiro</cidade><estado>BA</estado></endereco><contato><telefone>(61) 9566-7507</telefone><celular>(48) 18224-8571</celular><email>nseywood11@123-reg.co.uk</email></contato><renda>$17366.92</renda><foto>https://robohash.org/ututdoloremque.png?size=150x150&amp;set=set1</foto><conta_corrente><banco>Caixa</banco><agencia>6619-4</agencia><numero>60560157426465-5</numero></conta_corrente></contribuinte><contribuinte><cpf>212.097.199-22</cpf><rg>21.711.358-4</rg><nome>Erny Redd</nome><nascimento>10/03/2001</nascimento><endereco><logradouro>50172 Scofield Road</logradouro><numero>1978</numero><bairro>Itaquera</bairro><cep>35220-156</cep><cidade>São Paulo</cidade><estado>SP</estado></endereco><contato><telefone>(51) 2274-5321</telefone><celular>(28) 59531-1136</celular><email>eredd12@timesonline.co.uk</email></contato><renda>$25288.75</renda><foto>https://robohash.org/rationefugitexpedita.png?size=150x150&amp;set=set1</foto><conta_corrente><banco>Santander</banco><agencia>0026-6</agencia><numero>34367997920054-5</numero></conta_corrente></contribuinte><contribuinte><cpf>804.974.201-75</cpf><rg>07.829.252-6</rg><nome>Reginald Pluthero</nome><nascimento>26/08/1981</nascimento><endereco><logradouro>78 Gina Circle</logradouro><numero>997</numero><bairro>Penha</bairro><cep>70971-765</cep><cidade>Brasília</cidade><estado>BA</estado></endereco><contato><telefone>(61) 6913-6331</telefone><celular>(68) 83023-8452</celular><email>rpluthero13@dot.gov</email></contato><renda>$5650.35</renda><foto>https://robohash.org/itaquedoloresomnis.png?size=150x150&amp;set=set1</foto><conta_corrente><banco>Santander</banco><agencia>7515-6</agencia><numero>34797361101222-7</numero></conta_corrente></contribuinte><contribuinte><cpf>269.420.278-60</cpf><rg>93.296.090-4</rg><nome>Nathaniel Carlet</nome><nascimento>15/08/2017</nascimento><endereco><logradouro>0 Springview Crossing</logradouro><numero>286</numero><bairro>Itaquera</bairro><cep>15241-448</cep><cidade>São Paulo</cidade><estado>BA</estado></endereco><contato><telefone>(51) 0929-0867</telefone><celular>(92) 64082-6018</celular><email>ncarlet14@google.com.au</email></contato><renda>$9476.84</renda><foto>https://robohash.org/autdictaratione.png?size=150x150&amp;set=set1</foto><conta_corrente><banco>NuBank</banco><agencia>0801-0</agencia><numero>27800508891430-1</numero></conta_corrente></contribuinte><contribuinte><cpf>636.168.389-89</cpf><rg>20.945.053-7</rg><nome>Ky Dadley</nome><nascimento>05/02/2018</nascimento><endereco><logradouro>8 Logan Avenue</logradouro><numero>877</numero><bairro>Penha</bairro><cep>19565-796</cep><cidade>Salvador</cidade><estado>RJ</estado></endereco><contato><telefone>(07) 2294-1621</telefone><celular>(18) 33431-9980</celular><email>kdadley15@google.nl</email></contato><renda>$28021.18</renda><foto>https://robohash.org/autemsuntdoloribus.png?size=150x150&amp;set=set1</foto><conta_corrente><banco>Santander</banco><agencia>8192-2</agencia><numero>14906544095109-9</numero></conta_corrente></contribuinte><contribuinte><cpf>394.182.168-14</cpf><rg>58.500.356-6</rg><nome>Jeanna Ringer</nome><nascimento>05/03/1988</nascimento><endereco><logradouro>618 3rd Street</logradouro><numero>1720</numero><bairro>Itaquera</bairro><cep>99535-075</cep><cidade>Salvador</cidade><estado>BA</estado></endereco><contato><telefone>(07) 9916-9955</telefone><celular>(31) 13820-6497</celular><email>jringer16@tripadvisor.com</email></contato><renda>$12388.74</renda><foto>https://robohash.org/quamaccusantiumea.png?size=150x150&amp;set=set1</foto><conta_corrente><banco>NuBank</banco><agencia>1950-4</agencia><numero>52903669935445-2</numero></conta_corrente></contribuinte><contribuinte><cpf>610.159.632-67</cpf><rg>73.181.695-4</rg><nome>Agnese Michel</nome><nascimento>01/02/1996</nascimento><endereco><logradouro>28 Gina Place</logradouro><numero>1834</numero><bairro>Belém</bairro><cep>28975-707</cep><cidade>Brasília</cidade><estado>SP</estado></endereco><contato><telefone>(89) 7621-1220</telefone><celular>(73) 92045-5030</celular><email>amichel17@parallels.com</email></contato><renda>$10306.79</renda><foto>https://robohash.org/nonatvoluptates.png?size=150x150&amp;set=set1</foto><conta_corrente><banco>Banco do Brasil</banco><agencia>1102-6</agencia><numero>73249842976025-4</numero></conta_corrente></contribuinte><contribuinte><cpf>388.692.205-63</cpf><rg>68.676.904-8</rg><nome>Nissy Khadir</nome><nascimento>08/09/2008</nascimento><endereco><logradouro>59384 Reindahl Park</logradouro><numero>1154</numero><bairro>Penha</bairro><cep>76167-322</cep><cidade>Rio de Janeiro</cidade><estado>RJ</estado></endereco><contato><telefone>(79) 4188-6195</telefone><celular>(00) 64596-3733</celular><email>nkhadir18@pen.io</email></contato><renda>$2219.95</renda><foto>https://robohash.org/delectusearumquibusdam.png?size=150x150&amp;set=set1</foto><conta_corrente><banco>Bradesco</banco><agencia>2918-9</agencia><numero>46738938117231-1</numero></conta_corrente></contribuinte><contribuinte><cpf>390.409.704-79</cpf><rg>07.830.905-5</rg><nome>Beau Glewe</nome><nascimento>23/03/1989</nascimento><endereco><logradouro>8141 Sutherland Court</logradouro><numero>1287</numero><bairro>Moóca</bairro><cep>73428-018</cep><cidade>Rio de Janeiro</cidade><estado>SP</estado></endereco><contato><telefone>(63) 1879-4987</telefone><celular>(24) 77383-4544</celular><email>bglewe19@ca.gov</email></contato><renda>$21719.78</renda><foto>https://robohash.org/quisquamomnissed.png?size=150x150&amp;set=set1</foto><conta_corrente><banco>Caixa</banco><agencia>2115-7</agencia><numero>34260369866075-6</numero></conta_corrente></contribuinte><contribuinte><cpf>794.286.843-97</cpf><rg>29.923.432-9</rg><nome>Janifer Gatland</nome><nascimento>18/12/2012</nascimento><endereco><logradouro>62760 New Castle Alley</logradouro><numero>1998</numero><bairro>Penha</bairro><cep>23659-946</cep><cidade>Rio de Janeiro</cidade><estado>RJ</estado></endereco><contato><telefone>(08) 7467-3606</telefone><celular>(49) 95245-8242</celular><email>jgatland1a@phpbb.com</email></contato><renda>$22008.23</renda><foto>https://robohash.org/voluptateinmolestias.png?size=150x150&amp;set=set1</foto><conta_corrente><banco>Bradesco</banco><agencia>9546-0</agencia><numero>29931928868095-4</numero></conta_corrente></contribuinte><contribuinte><cpf>805.897.690-35</cpf><rg>37.825.598-0</rg><nome>Deloris Labba</nome><nascimento>05/10/2017</nascimento><endereco><logradouro>018 8th Center</logradouro><numero>696</numero><bairro>Tatuapé</bairro><cep>44570-636</cep><cidade>São Paulo</cidade><estado>RJ</estado></endereco><contato><telefone>(83) 3311-0793</telefone><celular>(75) 95058-9970</celular><email>dlabba1b@wikia.com</email></contato><renda>$12365.18</renda><foto>https://robohash.org/dolorrepellendussit.png?size=150x150&amp;set=set1</foto><conta_corrente><banco>Bradesco</banco><agencia>3259-8</agencia><numero>47999703129473-6</numero></conta_corrente></contribuinte><contribuinte><cpf>924.897.408-86</cpf><rg>38.912.706-6</rg><nome>Andreana Sircombe</nome><nascimento>30/11/1982</nascimento><endereco><logradouro>29033 Kropf Drive</logradouro><numero>1626</numero><bairro>Artur Alvim</bairro><cep>89396-091</cep><cidade>Salvador</cidade><estado>SP</estado></endereco><contato><telefone>(69) 5789-0367</telefone><celular>(77) 92441-9601</celular><email>asircombe1c@yahoo.com</email></contato><renda>$11306.11</renda><foto>https://robohash.org/ipsumquibusdamsit.png?size=150x150&amp;set=set1</foto><conta_corrente><banco>Banco do Brasil</banco><agencia>3505-4</agencia><numero>96546719167752-7</numero></conta_corrente></contribuinte><contribuinte><cpf>419.374.794-86</cpf><rg>29.165.056-5</rg><nome>Ferd Storah</nome><nascimento>30/09/2017</nascimento><endereco><logradouro>44 Hoepker Plaza</logradouro><numero>1948</numero><bairro>Brás</bairro><cep>55508-820</cep><cidade>São Paulo</cidade><estado>RJ</estado></endereco><contato><telefone>(39) 2295-6918</telefone><celular>(95) 74915-6188</celular><email>fstorah1d@dell.com</email></contato><renda>$22232.70</renda><foto>https://robohash.org/repellendusexodit.png?size=150x150&amp;set=set1</foto><conta_corrente><banco>Santander</banco><agencia>1954-5</agencia><numero>87447309457006-8</numero></conta_corrente></contribuinte><contribuinte><cpf>857.256.397-90</cpf><rg>22.540.822-7</rg><nome>Suzy Pedrick</nome><nascimento>23/12/2008</nascimento><endereco><logradouro>2 Bellgrove Way</logradouro><numero>790</numero><bairro>Água Rasa</bairro><cep>82788-399</cep><cidade>Salvador</cidade><estado>RJ</estado></endereco><contato><telefone>(76) 1624-9661</telefone><celular>(34) 59777-7098</celular><email>spedrick1e@de.vu</email></contato><renda>$26605.33</renda><foto>https://robohash.org/nihileumducimus.png?size=150x150&amp;set=set1</foto><conta_corrente><banco>Santander</banco><agencia>4240-9</agencia><numero>30873207878164-7</numero></conta_corrente></contribuinte><contribuinte><cpf>636.221.229-56</cpf><rg>91.170.242-3</rg><nome>Kettie Shelmerdine</nome><nascimento>30/08/1981</nascimento><endereco><logradouro>107 Kings Park</logradouro><numero>297</numero><bairro>Brás</bairro><cep>27057-296</cep><cidade>Salvador</cidade><estado>DF</estado></endereco><contato><telefone>(65) 9669-3696</telefone><celular>(37) 89838-8188</celular><email>kshelmerdine1f@odnoklassniki.ru</email></contato><renda>$28606.82</renda><foto>https://robohash.org/eanihilminima.png?size=150x150&amp;set=set1</foto><conta_corrente><banco>Banco do Brasil</banco><agencia>6826-7</agencia><numero>70501865001735-4</numero></conta_corrente></contribuinte><contribuinte><cpf>346.708.995-99</cpf><rg>15.852.133-3</rg><nome>Bobbye Greville</nome><nascimento>20/08/2013</nascimento><endereco><logradouro>226 Starling Crossing</logradouro><numero>274</numero><bairro>Itaquera</bairro><cep>34827-997</cep><cidade>Rio de Janeiro</cidade><estado>SP</estado></endereco><contato><telefone>(28) 2920-8522</telefone><celular>(55) 45716-3128</celular><email>bgreville1g@sohu.com</email></contato><renda>$6544.50</renda><foto>https://robohash.org/corporisoccaecatimodi.png?size=150x150&amp;set=set1</foto><conta_corrente><banco>Banco do Brasil</banco><agencia>5956-2</agencia><numero>72788903821830-0</numero></conta_corrente></contribuinte><contribuinte><cpf>495.881.018-83</cpf><rg>96.807.283-1</rg><nome>Rolf Roze</nome><nascimento>26/10/2006</nascimento><endereco><logradouro>72482 Manitowish Plaza</logradouro><numero>1779</numero><bairro>Artur Alvim</bairro><cep>26063-154</cep><cidade>Salvador</cidade><estado>RJ</estado></endereco><contato><telefone>(48) 2115-3493</telefone><celular>(64) 13256-7465</celular><email>rroze1h@princeton.edu</email></contato><renda>$20432.81</renda><foto>https://robohash.org/voluptateremest.png?size=150x150&amp;set=set1</foto><conta_corrente><banco>Santander</banco><agencia>0293-1</agencia><numero>19364230226487-3</numero></conta_corrente></contribuinte><contribuinte><cpf>145.296.154-86</cpf><rg>72.446.066-1</rg><nome>Mitzi Leith</nome><nascimento>02/11/1999</nascimento><endereco><logradouro>9912 Cherokee Point</logradouro><numero>563</numero><bairro>Penha</bairro><cep>20777-180</cep><cidade>Rio de Janeiro</cidade><estado>BA</estado></endereco><contato><telefone>(87) 8891-1189</telefone><celular>(69) 48309-4804</celular><email>mleith1i@yandex.ru</email></contato><renda>$6949.65</renda><foto>https://robohash.org/adipisciitaqueasperiores.png?size=150x150&amp;set=set1</foto><conta_corrente><banco>NuBank</banco><agencia>5503-4</agencia><numero>24445276947795-0</numero></conta_corrente></contribuinte><contribuinte><cpf>825.474.235-74</cpf><rg>34.251.150-3</rg><nome>Aharon Winscomb</nome><nascimento>08/05/2019</nascimento><endereco><logradouro>0083 Transport Plaza</logradouro><numero>953</numero><bairro>Mooca</bairro><cep>83493-274</cep><cidade>Brasília</cidade><estado>BA</estado></endereco><contato><telefone>(35) 2135-8794</telefone><celular>(47) 46787-5507</celular><email>awinscomb1j@soundcloud.com</email></contato><renda>$15275.85</renda><foto>https://robohash.org/consecteturquisquamsuscipit.png?size=150x150&amp;set=set1</foto><conta_corrente><banco>Santander</banco><agencia>3319-9</agencia><numero>59429413986449-9</numero></conta_corrente></contribuinte><contribuinte><cpf>171.095.222-77</cpf><rg>13.843.724-5</rg><nome>Dewitt Beilby</nome><nascimento>16/02/2009</nascimento><endereco><logradouro>5022 Fulton Drive</logradouro><numero>1840</numero><bairro>Moóca</bairro><cep>24899-975</cep><cidade>Rio de Janeiro</cidade><estado>DF</estado></endereco><contato><telefone>(10) 7834-9616</telefone><celular>(12) 23961-2694</celular><email>dbeilby1k@toplist.cz</email></contato><renda>$11327.34</renda><foto>https://robohash.org/consequaturrerumfugit.png?size=150x150&amp;set=set1</foto><conta_corrente><banco>Santander</banco><agencia>3750-7</agencia><numero>28667544614117-1</numero></conta_corrente></contribuinte><contribuinte><cpf>402.534.856-08</cpf><rg>60.711.807-2</rg><nome>Randi Fawlkes</nome><nascimento>09/08/2000</nascimento><endereco><logradouro>86 Coolidge Drive</logradouro><numero>1033</numero><bairro>Itaquera</bairro><cep>07239-261</cep><cidade>Salvador</cidade><estado>SP</estado></endereco><contato><telefone>(97) 8124-3416</telefone><celular>(19) 48576-5626</celular><email>rfawlkes1l@barnesandnoble.com</email></contato><renda>$10061.31</renda><foto>https://robohash.org/voluptatibusmodimolestiae.png?size=150x150&amp;set=set1</foto><conta_corrente><banco>NuBank</banco><agencia>6831-1</agencia><numero>65944569874563-0</numero></conta_corrente></contribuinte><contribuinte><cpf>587.072.084-52</cpf><rg>62.908.764-2</rg><nome>Baxie Mazdon</nome><nascimento>13/10/1992</nascimento><endereco><logradouro>50 Portage Court</logradouro><numero>833</numero><bairro>Tatuapé</bairro><cep>42384-841</cep><cidade>Brasília</cidade><estado>SP</estado></endereco><contato><telefone>(59) 2820-6847</telefone><celular>(59) 21747-0927</celular><email>bmazdon1m@gravatar.com</email></contato><renda>$27570.10</renda><foto>https://robohash.org/voluptatemexplicaboaccusamus.png?size=150x150&amp;set=set1</foto><conta_corrente><banco>NuBank</banco><agencia>9549-7</agencia><numero>42622315683951-0</numero></conta_corrente></contribuinte><contribuinte><cpf>335.199.364-69</cpf><rg>68.416.825-4</rg><nome>Tamara Ruddlesden</nome><nascimento>08/10/1988</nascimento><endereco><logradouro>07 Sloan Road</logradouro><numero>480</numero><bairro>Água Rasa</bairro><cep>50786-625</cep><cidade>Salvador</cidade><estado>SP</estado></endereco><contato><telefone>(80) 7108-8082</telefone><celular>(39) 30954-6685</celular><email>truddlesden1n@sina.com.cn</email></contato><renda>$26850.67</renda><foto>https://robohash.org/inutrecusandae.png?size=150x150&amp;set=set1</foto><conta_corrente><banco>Caixa</banco><agencia>6018-9</agencia><numero>34524074786572-1</numero></conta_corrente></contribuinte><contribuinte><cpf>731.915.319-05</cpf><rg>90.354.510-6</rg><nome>Christoper Gutteridge</nome><nascimento>03/01/2019</nascimento><endereco><logradouro>88806 Toban Road</logradouro><numero>1833</numero><bairro>Água Rasa</bairro><cep>95426-094</cep><cidade>Brasília</cidade><estado>DF</estado></endereco><contato><telefone>(48) 3427-5100</telefone><celular>(18) 55223-4405</celular><email>cgutteridge1o@pcworld.com</email></contato><renda>$4023.89</renda><foto>https://robohash.org/estvelitautem.png?size=150x150&amp;set=set1</foto><conta_corrente><banco>NuBank</banco><agencia>8260-0</agencia><numero>74280901378188-5</numero></conta_corrente></contribuinte><contribuinte><cpf>060.003.343-98</cpf><rg>61.094.756-1</rg><nome>Budd Castellone</nome><nascimento>15/06/2016</nascimento><endereco><logradouro>59 Hoepker Park</logradouro><numero>1817</numero><bairro>Mooca</bairro><cep>68423-387</cep><cidade>Salvador</cidade><estado>SP</estado></endereco><contato><telefone>(03) 6018-3761</telefone><celular>(52) 86299-9335</celular><email>bcastellone1p@uiuc.edu</email></contato><renda>$5896.22</renda><foto>https://robohash.org/hicutbeatae.png?size=150x150&amp;set=set1</foto><conta_corrente><banco>NuBank</banco><agencia>1239-7</agencia><numero>40779959812597-3</numero></conta_corrente></contribuinte><contribuinte><cpf>868.766.679-16</cpf><rg>35.166.287-1</rg><nome>Eadie Overil</nome><nascimento>14/04/1998</nascimento><endereco><logradouro>78023 Hagan Plaza</logradouro><numero>1201</numero><bairro>Itaim Paulista</bairro><cep>45820-908</cep><cidade>São Paulo</cidade><estado>BA</estado></endereco><contato><telefone>(85) 4925-6124</telefone><celular>(15) 68606-0378</celular><email>eoveril1q@multiply.com</email></contato><renda>$26255.91</renda><foto>https://robohash.org/doloribusvelitex.png?size=150x150&amp;set=set1</foto><conta_corrente><banco>Santander</banco><agencia>6286-1</agencia><numero>52591097165513-3</numero></conta_corrente></contribuinte><contribuinte><cpf>799.856.473-67</cpf><rg>58.383.419-1</rg><nome>Vernon Geipel</nome><nascimento>03/02/2011</nascimento><endereco><logradouro>202 School Avenue</logradouro><numero>1192</numero><bairro>Moóca</bairro><cep>16434-907</cep><cidade>Rio de Janeiro</cidade><estado>RJ</estado></endereco><contato><telefone>(57) 6414-0313</telefone><celular>(88) 06612-6943</celular><email>vgeipel1r@artisteer.com</email></contato><renda>$15971.51</renda><foto>https://robohash.org/molestiaevoluptatemullam.png?size=150x150&amp;set=set1</foto><conta_corrente><banco>Caixa</banco><agencia>0112-6</agencia><numero>00328573895905-9</numero></conta_corrente></contribuinte><contribuinte><cpf>985.527.963-35</cpf><rg>47.070.184-3</rg><nome>Der Delany</nome><nascimento>28/06/1995</nascimento><endereco><logradouro>38824 Anderson Parkway</logradouro><numero>704</numero><bairro>Penha</bairro><cep>09381-827</cep><cidade>São Paulo</cidade><estado>BA</estado></endereco><contato><telefone>(84) 1159-6706</telefone><celular>(15) 42271-6937</celular><email>ddelany1s@nsw.gov.au</email></contato><renda>$17794.03</renda><foto>https://robohash.org/praesentiumsitesse.png?size=150x150&amp;set=set1</foto><conta_corrente><banco>Santander</banco><agencia>4423-2</agencia><numero>18088712361147-9</numero></conta_corrente></contribuinte><contribuinte><cpf>570.601.356-56</cpf><rg>52.194.163-7</rg><nome>Alexander McCluney</nome><nascimento>15/02/2001</nascimento><endereco><logradouro>9789 Park Meadow Plaza</logradouro><numero>465</numero><bairro>Itaquera</bairro><cep>92548-718</cep><cidade>São Paulo</cidade><estado>SP</estado></endereco><contato><telefone>(97) 6011-1065</telefone><celular>(05) 12447-5158</celular><email>amccluney1t@whitehouse.gov</email></contato><renda>$17279.58</renda><foto>https://robohash.org/distinctioetarchitecto.png?size=150x150&amp;set=set1</foto><conta_corrente><banco>NuBank</banco><agencia>2966-2</agencia><numero>66232220439934-2</numero></conta_corrente></contribuinte><contribuinte><cpf>842.340.091-46</cpf><rg>57.695.804-9</rg><nome>Juliet Tatteshall</nome><nascimento>08/12/2008</nascimento><endereco><logradouro>814 Atwood Court</logradouro><numero>471</numero><bairro>Mooca</bairro><cep>12423-170</cep><cidade>Salvador</cidade><estado>DF</estado></endereco><contato><telefone>(99) 0600-6990</telefone><celular>(45) 46269-7993</celular><email>jtatteshall1u@hatena.ne.jp</email></contato><renda>$25884.41</renda><foto>https://robohash.org/exdolorumaut.png?size=150x150&amp;set=set1</foto><conta_corrente><banco>NuBank</banco><agencia>3842-1</agencia><numero>19057831106972-8</numero></conta_corrente></contribuinte><contribuinte><cpf>499.289.929-87</cpf><rg>33.991.430-5</rg><nome>Easter Slaney</nome><nascimento>18/02/1998</nascimento><endereco><logradouro>83581 Londonderry Trail</logradouro><numero>1750</numero><bairro>Cidade Líder</bairro><cep>13071-564</cep><cidade>Salvador</cidade><estado>DF</estado></endereco><contato><telefone>(40) 6241-9731</telefone><celular>(46) 87490-5667</celular><email>eslaney1v@wufoo.com</email></contato><renda>$17455.50</renda><foto>https://robohash.org/doloremconsequunturdolorum.png?size=150x150&amp;set=set1</foto><conta_corrente><banco>Santander</banco><agencia>7250-6</agencia><numero>97217510588963-5</numero></conta_corrente></contribuinte><contribuinte><cpf>911.170.814-57</cpf><rg>02.439.150-5</rg><nome>Cobby Gloves</nome><nascimento>15/08/1990</nascimento><endereco><logradouro>6756 Brickson Park Park</logradouro><numero>1446</numero><bairro>Penha</bairro><cep>71584-643</cep><cidade>Rio de Janeiro</cidade><estado>RJ</estado></endereco><contato><telefone>(71) 9347-5899</telefone><celular>(04) 70043-7455</celular><email>cgloves1w@rediff.com</email></contato><renda>$17946.79</renda><foto>https://robohash.org/inessemagni.png?size=150x150&amp;set=set1</foto><conta_corrente><banco>NuBank</banco><agencia>3994-6</agencia><numero>48954511888700-0</numero></conta_corrente></contribuinte><contribuinte><cpf>492.108.484-65</cpf><rg>16.438.692-9</rg><nome>Kassie Linggard</nome><nascimento>16/12/1997</nascimento><endereco><logradouro>460 Paget Pass</logradouro><numero>1185</numero><bairro>Moóca</bairro><cep>32017-443</cep><cidade>São Paulo</cidade><estado>BA</estado></endereco><contato><telefone>(58) 7827-9598</telefone><celular>(87) 32910-4815</celular><email>klinggard1x@techcrunch.com</email></contato><renda>$27847.33</renda><foto>https://robohash.org/numquamadelectus.png?size=150x150&amp;set=set1</foto><conta_corrente><banco>Caixa</banco><agencia>4388-6</agencia><numero>97813938819004-1</numero></conta_corrente></contribuinte><contribuinte><cpf>511.082.038-25</cpf><rg>19.246.062-6</rg><nome>Minta Rammell</nome><nascimento>29/10/1983</nascimento><endereco><logradouro>873 Nobel Terrace</logradouro><numero>288</numero><bairro>Cidade Líder</bairro><cep>30697-391</cep><cidade>Rio de Janeiro</cidade><estado>SP</estado></endereco><contato><telefone>(72) 9073-3891</telefone><celular>(11) 12840-7285</celular><email>mrammell1y@europa.eu</email></contato><renda>$25036.22</renda><foto>https://robohash.org/voluptasatexpedita.png?size=150x150&amp;set=set1</foto><conta_corrente><banco>Santander</banco><agencia>9905-4</agencia><numero>61683148830619-4</numero></conta_corrente></contribuinte><contribuinte><cpf>211.095.559-12</cpf><rg>70.791.686-2</rg><nome>Thatcher Slimm</nome><nascimento>25/04/2002</nascimento><endereco><logradouro>632 4th Road</logradouro><numero>261</numero><bairro>Penha</bairro><cep>03559-723</cep><cidade>Rio de Janeiro</cidade><estado>RJ</estado></endereco><contato><telefone>(01) 6328-7271</telefone><celular>(62) 72721-5559</celular><email>tslimm1z@163.com</email></contato><renda>$24199.68</renda><foto>https://robohash.org/occaecatiquiet.png?size=150x150&amp;set=set1</foto><conta_corrente><banco>Santander</banco><agencia>0895-2</agencia><numero>04638322567664-1</numero></conta_corrente></contribuinte><contribuinte><cpf>662.296.686-75</cpf><rg>22.277.537-1</rg><nome>Edie Ellsom</nome><nascimento>22/06/1987</nascimento><endereco><logradouro>5 Sachs Avenue</logradouro><numero>1651</numero><bairro>Artur Alvim</bairro><cep>88724-640</cep><cidade>Brasília</cidade><estado>RJ</estado></endereco><contato><telefone>(12) 4609-5040</telefone><celular>(60) 47571-8017</celular><email>eellsom20@360.cn</email></contato><renda>$4884.41</renda><foto>https://robohash.org/doloresquiaet.png?size=150x150&amp;set=set1</foto><conta_corrente><banco>NuBank</banco><agencia>3105-2</agencia><numero>33557013987640-0</numero></conta_corrente></contribuinte><contribuinte><cpf>735.052.596-19</cpf><rg>52.565.714-6</rg><nome>Quillan Bosquet</nome><nascimento>16/05/1982</nascimento><endereco><logradouro>7522 Harbort Lane</logradouro><numero>273</numero><bairro>Mooca</bairro><cep>06065-769</cep><cidade>Salvador</cidade><estado>RJ</estado></endereco><contato><telefone>(11) 3102-8394</telefone><celular>(12) 40189-3944</celular><email>qbosquet21@amazon.com</email></contato><renda>$22616.02</renda><foto>https://robohash.org/esseeligendidebitis.png?size=150x150&amp;set=set1</foto><conta_corrente><banco>Santander</banco><agencia>0286-1</agencia><numero>79133788786686-6</numero></conta_corrente></contribuinte><contribuinte><cpf>611.724.965-84</cpf><rg>58.214.905-7</rg><nome>Teresa Baggarley</nome><nascimento>07/06/2001</nascimento><endereco><logradouro>4 Roxbury Trail</logradouro><numero>400</numero><bairro>Belém</bairro><cep>01446-350</cep><cidade>Rio de Janeiro</cidade><estado>BA</estado></endereco><contato><telefone>(16) 9851-1030</telefone><celular>(91) 91208-0209</celular><email>tbaggarley22@zdnet.com</email></contato><renda>$3804.76</renda><foto>https://robohash.org/etillumcumque.png?size=150x150&amp;set=set1</foto><conta_corrente><banco>Caixa</banco><agencia>0264-9</agencia><numero>59538186804323-8</numero></conta_corrente></contribuinte><contribuinte><cpf>491.523.382-64</cpf><rg>31.343.725-9</rg><nome>Aloisia Hamelyn</nome><nascimento>16/03/1990</nascimento><endereco><logradouro>0018 Ridgeview Court</logradouro><numero>1912</numero><bairro>Artur Alvim</bairro><cep>80830-809</cep><cidade>São Paulo</cidade><estado>SP</estado></endereco><contato><telefone>(52) 2785-1213</telefone><celular>(30) 19219-8371</celular><email>ahamelyn23@yolasite.com</email></contato><renda>$9781.59</renda><foto>https://robohash.org/abvoluptascorporis.png?size=150x150&amp;set=set1</foto><conta_corrente><banco>Santander</banco><agencia>9185-9</agencia><numero>17620943575928-9</numero></conta_corrente></contribuinte><contribuinte><cpf>635.620.820-20</cpf><rg>87.938.184-4</rg><nome>Nessa Whitfield</nome><nascimento>13/03/1995</nascimento><endereco><logradouro>60683 Macpherson Pass</logradouro><numero>1843</numero><bairro>Cidade Líder</bairro><cep>94107-182</cep><cidade>Rio de Janeiro</cidade><estado>RJ</estado></endereco><contato><telefone>(04) 9032-2144</telefone><celular>(04) 45990-6293</celular><email>nwhitfield24@amazonaws.com</email></contato><renda>$16785.39</renda><foto>https://robohash.org/impeditquinon.png?size=150x150&amp;set=set1</foto><conta_corrente><banco>Banco do Brasil</banco><agencia>9283-5</agencia><numero>66618112954061-4</numero></conta_corrente></contribuinte><contribuinte><cpf>497.621.203-88</cpf><rg>66.010.869-2</rg><nome>Jorie Espada</nome><nascimento>29/05/2004</nascimento><endereco><logradouro>970 5th Park</logradouro><numero>1797</numero><bairro>Mooca</bairro><cep>09368-663</cep><cidade>Salvador</cidade><estado>DF</estado></endereco><contato><telefone>(82) 7360-0326</telefone><celular>(19) 24589-5592</celular><email>jespada25@blogtalkradio.com</email></contato><renda>$17191.01</renda><foto>https://robohash.org/nesciuntsuntasperiores.png?size=150x150&amp;set=set1</foto><conta_corrente><banco>NuBank</banco><agencia>6824-4</agencia><numero>76242889269244-3</numero></conta_corrente></contribuinte><contribuinte><cpf>688.504.156-97</cpf><rg>27.931.686-3</rg><nome>Megan Andrioli</nome><nascimento>02/12/1985</nascimento><endereco><logradouro>94 Mockingbird Pass</logradouro><numero>1139</numero><bairro>Mooca</bairro><cep>97002-921</cep><cidade>Brasília</cidade><estado>RJ</estado></endereco><contato><telefone>(73) 8170-7201</telefone><celular>(92) 48941-0272</celular><email>mandrioli26@nymag.com</email></contato><renda>$14647.39</renda><foto>https://robohash.org/siteligendisaepe.png?size=150x150&amp;set=set1</foto><conta_corrente><banco>Banco do Brasil</banco><agencia>7167-5</agencia><numero>57065435293771-9</numero></conta_corrente></contribuinte><contribuinte><cpf>030.309.117-25</cpf><rg>74.830.788-6</rg><nome>Janeczka Tomet</nome><nascimento>18/11/2012</nascimento><endereco><logradouro>04459 Larry Pass</logradouro><numero>797</numero><bairro>Tatuapé</bairro><cep>03055-180</cep><cidade>Rio de Janeiro</cidade><estado>RJ</estado></endereco><contato><telefone>(20) 7872-4647</telefone><celular>(87) 77080-3272</celular><email>jtomet27@jimdo.com</email></contato><renda>$7297.74</renda><foto>https://robohash.org/etofficiaquasi.png?size=150x150&amp;set=set1</foto><conta_corrente><banco>NuBank</banco><agencia>2574-9</agencia><numero>27863719887602-2</numero></conta_corrente></contribuinte><contribuinte><cpf>958.610.717-35</cpf><rg>92.271.862-4</rg><nome>Shana Ploughwright</nome><nascimento>30/03/1985</nascimento><endereco><logradouro>043 Bayside Park</logradouro><numero>142</numero><bairro>Mooca</bairro><cep>48237-247</cep><cidade>Rio de Janeiro</cidade><estado>DF</estado></endereco><contato><telefone>(68) 4055-1013</telefone><celular>(49) 22200-7827</celular><email>sploughwright28@time.com</email></contato><renda>$7276.04</renda><foto>https://robohash.org/etanimised.png?size=150x150&amp;set=set1</foto><conta_corrente><banco>Santander</banco><agencia>4958-2</agencia><numero>33052084637031-8</numero></conta_corrente></contribuinte><contribuinte><cpf>965.266.034-14</cpf><rg>90.941.694-8</rg><nome>Marcello Cuseick</nome><nascimento>20/02/1983</nascimento><endereco><logradouro>20 Almo Point</logradouro><numero>1890</numero><bairro>Itaim Paulista</bairro><cep>92785-015</cep><cidade>Salvador</cidade><estado>BA</estado></endereco><contato><telefone>(94) 8053-1645</telefone><celular>(97) 19369-6538</celular><email>mcuseick29@unesco.org</email></contato><renda>$15256.54</renda><foto>https://robohash.org/ametsapienteet.png?size=150x150&amp;set=set1</foto><conta_corrente><banco>NuBank</banco><agencia>1731-6</agencia><numero>88459804639299-8</numero></conta_corrente></contribuinte><contribuinte><cpf>962.575.622-65</cpf><rg>48.757.334-4</rg><nome>Livvyy Hearle</nome><nascimento>07/01/1989</nascimento><endereco><logradouro>252 Darwin Way</logradouro><numero>847</numero><bairro>Água Rasa</bairro><cep>86462-711</cep><cidade>Rio de Janeiro</cidade><estado>BA</estado></endereco><contato><telefone>(51) 8926-9422</telefone><celular>(25) 36730-9671</celular><email>lhearle2a@eventbrite.com</email></contato><renda>$3641.37</renda><foto>https://robohash.org/temporeinciduntaliquid.png?size=150x150&amp;set=set1</foto><conta_corrente><banco>Bradesco</banco><agencia>5330-3</agencia><numero>85258940368258-5</numero></conta_corrente></contribuinte><contribuinte><cpf>973.822.833-92</cpf><rg>30.232.565-8</rg><nome>Lissy Seys</nome><nascimento>13/04/2000</nascimento><endereco><logradouro>6976 Hansons Hill</logradouro><numero>480</numero><bairro>Brás</bairro><cep>14549-770</cep><cidade>Salvador</cidade><estado>SP</estado></endereco><contato><telefone>(35) 6614-1416</telefone><celular>(47) 93443-8698</celular><email>lseys2b@springer.com</email></contato><renda>$21953.89</renda><foto>https://robohash.org/numquamnobispossimus.png?size=150x150&amp;set=set1</foto><conta_corrente><banco>Bradesco</banco><agencia>1358-4</agencia><numero>22394789304305-3</numero></conta_corrente></contribuinte><contribuinte><cpf>986.183.463-97</cpf><rg>44.404.219-7</rg><nome>Adele Scorey</nome><nascimento>27/08/2010</nascimento><endereco><logradouro>08182 Mcguire Circle</logradouro><numero>177</numero><bairro>Artur Alvim</bairro><cep>94547-331</cep><cidade>Brasília</cidade><estado>RJ</estado></endereco><contato><telefone>(48) 4630-0694</telefone><celular>(00) 61745-7418</celular><email>ascorey2c@t-online.de</email></contato><renda>$12280.03</renda><foto>https://robohash.org/enimvelitet.png?size=150x150&amp;set=set1</foto><conta_corrente><banco>Bradesco</banco><agencia>1470-1</agencia><numero>24942874635080-8</numero></conta_corrente></contribuinte><contribuinte><cpf>374.812.979-36</cpf><rg>40.158.175-3</rg><nome>Ahmad Tourry</nome><nascimento>06/12/2008</nascimento><endereco><logradouro>86 Loomis Point</logradouro><numero>481</numero><bairro>Brás</bairro><cep>69849-886</cep><cidade>Brasília</cidade><estado>RJ</estado></endereco><contato><telefone>(75) 2151-8886</telefone><celular>(65) 27666-1932</celular><email>atourry2d@ocn.ne.jp</email></contato><renda>$3284.13</renda><foto>https://robohash.org/quiainventorequam.png?size=150x150&amp;set=set1</foto><conta_corrente><banco>Caixa</banco><agencia>9594-0</agencia><numero>25523790108471-4</numero></conta_corrente></contribuinte><contribuinte><cpf>393.581.889-02</cpf><rg>06.288.659-9</rg><nome>Forest Fearfull</nome><nascimento>24/01/2007</nascimento><endereco><logradouro>5673 Shoshone Point</logradouro><numero>215</numero><bairro>Mooca</bairro><cep>44115-357</cep><cidade>São Paulo</cidade><estado>RJ</estado></endereco><contato><telefone>(20) 2762-4822</telefone><celular>(48) 27284-9617</celular><email>ffearfull2e@twitter.com</email></contato><renda>$10647.10</renda><foto>https://robohash.org/quamautemipsam.png?size=150x150&amp;set=set1</foto><conta_corrente><banco>Caixa</banco><agencia>9222-1</agencia><numero>63930935194212-6</numero></conta_corrente></contribuinte><contribuinte><cpf>456.254.043-36</cpf><rg>43.372.630-0</rg><nome>Clement Wasteney</nome><nascimento>06/12/2014</nascimento><endereco><logradouro>05 Mayfield Court</logradouro><numero>1231</numero><bairro>Belém</bairro><cep>31366-505</cep><cidade>Brasília</cidade><estado>RJ</estado></endereco><contato><telefone>(97) 3740-8842</telefone><celular>(63) 92128-1046</celular><email>cwasteney2f@biblegateway.com</email></contato><renda>$10300.52</renda><foto>https://robohash.org/molestiaeillumenim.png?size=150x150&amp;set=set1</foto><conta_corrente><banco>Caixa</banco><agencia>3525-8</agencia><numero>12977743244180-3</numero></conta_corrente></contribuinte><contribuinte><cpf>559.562.678-43</cpf><rg>79.772.849-2</rg><nome>Shani O Sullivan</nome><nascimento>13/12/2006</nascimento><endereco><logradouro>8799 Maywood Pass</logradouro><numero>1310</numero><bairro>Itaquera</bairro><cep>73672-381</cep><cidade>Salvador</cidade><estado>RJ</estado></endereco><contato><telefone>(36) 9844-8085</telefone><celular>(79) 34545-8397</celular><email>so2g@scribd.com</email></contato><renda>$19482.27</renda><foto>https://robohash.org/rationeautquas.png?size=150x150&amp;set=set1</foto><conta_corrente><banco>Bradesco</banco><agencia>2835-7</agencia><numero>93713094294054-5</numero></conta_corrente></contribuinte><contribuinte><cpf>730.510.524-43</cpf><rg>97.198.880-1</rg><nome>Gigi Bufton</nome><nascimento>02/03/2002</nascimento><endereco><logradouro>6 Carberry Place</logradouro><numero>1329</numero><bairro>Penha</bairro><cep>04987-808</cep><cidade>Rio de Janeiro</cidade><estado>BA</estado></endereco><contato><telefone>(04) 0056-4465</telefone><celular>(38) 14680-9097</celular><email>gbufton2h@parallels.com</email></contato><renda>$14506.92</renda><foto>https://robohash.org/eacorruptiitaque.png?size=150x150&amp;set=set1</foto><conta_corrente><banco>Caixa</banco><agencia>6567-2</agencia><numero>37048741539850-3</numero></conta_corrente></contribuinte><contribuinte><cpf>203.896.425-63</cpf><rg>10.383.982-7</rg><nome>Colby Hendren</nome><nascimento>11/07/2020</nascimento><endereco><logradouro>804 Stang Street</logradouro><numero>207</numero><bairro>Tatuapé</bairro><cep>14709-938</cep><cidade>São Paulo</cidade><estado>SP</estado></endereco><contato><telefone>(99) 0936-3183</telefone><celular>(05) 00331-0408</celular><email>chendren2i@answers.com</email></contato><renda>$16609.90</renda><foto>https://robohash.org/exercitationemperspiciatisquo.png?size=150x150&amp;set=set1</foto><conta_corrente><banco>Banco do Brasil</banco><agencia>6763-5</agencia><numero>15693469570337-8</numero></conta_corrente></contribuinte><contribuinte><cpf>096.254.330-51</cpf><rg>26.059.888-4</rg><nome>Cassey Guilford</nome><nascimento>08/05/1985</nascimento><endereco><logradouro>9887 Dryden Drive</logradouro><numero>1200</numero><bairro>Mooca</bairro><cep>73220-036</cep><cidade>Rio de Janeiro</cidade><estado>RJ</estado></endereco><contato><telefone>(12) 8075-7558</telefone><celular>(14) 69083-1550</celular><email>cguilford2j@dell.com</email></contato><renda>$17525.25</renda><foto>https://robohash.org/quamnisiut.png?size=150x150&amp;set=set1</foto><conta_corrente><banco>Bradesco</banco><agencia>6647-8</agencia><numero>03052232625994-3</numero></conta_corrente></contribuinte><contribuinte><cpf>739.182.345-20</cpf><rg>34.997.655-6</rg><nome>Hettie Rechert</nome><nascimento>12/04/1990</nascimento><endereco><logradouro>00 Gina Drive</logradouro><numero>307</numero><bairro>Tatuapé</bairro><cep>37233-798</cep><cidade>Rio de Janeiro</cidade><estado>RJ</estado></endereco><contato><telefone>(05) 9661-1279</telefone><celular>(85) 75226-2935</celular><email>hrechert2k@ebay.co.uk</email></contato><renda>$3203.27</renda><foto>https://robohash.org/istevoluptasautem.png?size=150x150&amp;set=set1</foto><conta_corrente><banco>Caixa</banco><agencia>3538-0</agencia><numero>40902671541740-0</numero></conta_corrente></contribuinte><contribuinte><cpf>767.435.961-96</cpf><rg>36.346.783-0</rg><nome>Cyrille Bristoe</nome><nascimento>25/01/1988</nascimento><endereco><logradouro>57 Logan Center</logradouro><numero>1390</numero><bairro>Itaim Paulista</bairro><cep>26914-418</cep><cidade>Brasília</cidade><estado>BA</estado></endereco><contato><telefone>(49) 1836-4189</telefone><celular>(85) 28882-2673</celular><email>cbristoe2l@trellian.com</email></contato><renda>$17133.05</renda><foto>https://robohash.org/dignissimosmollitiatotam.png?size=150x150&amp;set=set1</foto><conta_corrente><banco>Caixa</banco><agencia>1740-8</agencia><numero>33378081153676-0</numero></conta_corrente></contribuinte><contribuinte><cpf>375.879.499-51</cpf><rg>63.085.074-0</rg><nome>Eden Faunch</nome><nascimento>21/06/2015</nascimento><endereco><logradouro>82369 Logan Point</logradouro><numero>1314</numero><bairro>Mooca</bairro><cep>27466-356</cep><cidade>São Paulo</cidade><estado>SP</estado></endereco><contato><telefone>(81) 7629-8851</telefone><celular>(87) 18685-3032</celular><email>efaunch2m@behance.net</email></contato><renda>$20528.25</renda><foto>https://robohash.org/atautemut.png?size=150x150&amp;set=set1</foto><conta_corrente><banco>Bradesco</banco><agencia>3439-0</agencia><numero>41274672712359-8</numero></conta_corrente></contribuinte><contribuinte><cpf>690.900.888-37</cpf><rg>63.876.431-4</rg><nome>Rafaela Voelker</nome><nascimento>12/02/2015</nascimento><endereco><logradouro>08 Stone Corner Terrace</logradouro><numero>689</numero><bairro>Tatuapé</bairro><cep>31047-877</cep><cidade>Salvador</cidade><estado>BA</estado></endereco><contato><telefone>(37) 3999-5194</telefone><celular>(12) 67291-4323</celular><email>rvoelker2n@mayoclinic.com</email></contato><renda>$6976.81</renda><foto>https://robohash.org/eosvoluptatemvoluptates.png?size=150x150&amp;set=set1</foto><conta_corrente><banco>Caixa</banco><agencia>7907-1</agencia><numero>39376262915118-9</numero></conta_corrente></contribuinte><contribuinte><cpf>067.299.451-31</cpf><rg>39.325.328-2</rg><nome>Margarete Tong</nome><nascimento>23/07/1993</nascimento><endereco><logradouro>27033 Reinke Hill</logradouro><numero>1362</numero><bairro>Moóca</bairro><cep>17453-115</cep><cidade>São Paulo</cidade><estado>DF</estado></endereco><contato><telefone>(80) 5987-4470</telefone><celular>(09) 71385-8202</celular><email>mtong2o@cbc.ca</email></contato><renda>$7269.93</renda><foto>https://robohash.org/dictadebitisdoloremque.png?size=150x150&amp;set=set1</foto><conta_corrente><banco>Santander</banco><agencia>8376-5</agencia><numero>62613678382717-4</numero></conta_corrente></contribuinte><contribuinte><cpf>072.615.691-22</cpf><rg>93.920.775-7</rg><nome>Kayley Giraldon</nome><nascimento>25/06/1988</nascimento><endereco><logradouro>7 Packers Point</logradouro><numero>576</numero><bairro>Penha</bairro><cep>97610-166</cep><cidade>São Paulo</cidade><estado>DF</estado></endereco><contato><telefone>(90) 0990-6088</telefone><celular>(43) 85701-2481</celular><email>kgiraldon2p@phoca.cz</email></contato><renda>$16758.74</renda><foto>https://robohash.org/molestiaeaccusamusquaerat.png?size=150x150&amp;set=set1</foto><conta_corrente><banco>Santander</banco><agencia>8541-0</agencia><numero>15501260357144-4</numero></conta_corrente></contribuinte><contribuinte><cpf>305.116.593-00</cpf><rg>62.595.572-3</rg><nome>Germayne Girth</nome><nascimento>28/08/2004</nascimento><endereco><logradouro>6135 Sutteridge Avenue</logradouro><numero>126</numero><bairro>Brás</bairro><cep>04146-291</cep><cidade>São Paulo</cidade><estado>RJ</estado></endereco><contato><telefone>(40) 4977-1162</telefone><celular>(77) 17512-6172</celular><email>ggirth2q@clickbank.net</email></contato><renda>$25551.06</renda><foto>https://robohash.org/aspernatursintbeatae.png?size=150x150&amp;set=set1</foto><conta_corrente><banco>Bradesco</banco><agencia>1214-8</agencia><numero>96731598724976-7</numero></conta_corrente></contribuinte><contribuinte><cpf>660.519.374-40</cpf><rg>20.312.473-3</rg><nome>Odessa Coghlan</nome><nascimento>24/04/2014</nascimento><endereco><logradouro>95 Bunker Hill Road</logradouro><numero>1897</numero><bairro>Cidade Líder</bairro><cep>15299-551</cep><cidade>Brasília</cidade><estado>RJ</estado></endereco><contato><telefone>(87) 3668-4615</telefone><celular>(91) 53703-6826</celular><email>ocoghlan2r@addthis.com</email></contato><renda>$8027.93</renda><foto>https://robohash.org/possimusdignissimosfacere.png?size=150x150&amp;set=set1</foto><conta_corrente><banco>Banco do Brasil</banco><agencia>7108-2</agencia><numero>89253560423263-3</numero></conta_corrente></contribuinte></receita_federal>